@timestamp,Duration,Billed Duration,Memory Size,Max Memory Used,Init Duration
2024-05-31 18:04:06.576,10015.76,10000,512,156,
2024-05-31 18:04:06.287,10015.80,10000,512,156,
2024-05-31 18:04:06.082,10015.34,10000,512,157,
2024-05-31 18:04:05.874,10016.10,10000,512,156,
2024-05-31 18:04:05.873,10017.41,10000,512,156,
2024-05-31 18:04:05.791,10015.53,10000,512,156,
2024-05-31 18:04:05.752,10017.06,10000,512,157,
2024-05-31 18:04:05.591,10015.92,10000,512,156,
2024-05-31 18:04:05.587,10015.26,10000,512,156,
2024-05-31 18:04:05.524,10015.40,10000,512,155,
2024-05-31 18:04:05.400,10016.18,10000,512,157,
2024-05-31 18:04:05.375,10016.00,10000,512,156,
2024-05-31 18:04:05.337,10016.33,10000,512,157,
2024-05-31 18:04:05.118,10015.34,10000,512,156,
2024-05-31 18:04:05.041,10015.95,10000,512,157,
2024-05-31 18:04:04.639,10015.38,10000,512,157,
2024-05-31 18:04:04.602,10015.86,10000,512,156,
2024-05-31 18:04:04.263,10015.28,10000,512,157,
2024-05-31 18:04:04.145,10015.43,10000,512,155,
2024-05-31 18:04:04.074,10015.95,10000,512,156,
2024-05-31 18:04:03.921,10015.34,10000,512,157,
2024-05-31 18:04:03.855,10010.07,10000,512,157,
2024-05-31 18:04:03.418,10012.80,10000,512,157,
2024-05-31 18:04:03.170,10010.31,10000,512,157,
2024-05-31 18:04:02.953,10015.93,10000,512,157,
2024-05-31 18:04:02.907,10015.96,10000,512,158,
2024-05-31 18:04:02.867,10016.24,10000,512,157,
2024-05-31 18:04:02.808,10016.23,10000,512,155,
2024-05-31 18:04:02.779,10016.46,10000,512,156,
2024-05-31 18:04:02.746,10015.56,10000,512,154,
2024-05-31 18:04:02.661,10015.29,10000,512,157,
2024-05-31 18:04:02.628,10015.49,10000,512,154,
2024-05-31 18:04:02.622,10015.28,10000,512,136,
2024-05-31 18:04:02.611,10015.38,10000,512,154,
2024-05-31 18:04:02.478,10015.80,10000,512,154,
2024-05-31 18:04:02.477,10015.26,10000,512,157,
2024-05-31 18:04:02.401,10035.65,10000,512,155,
2024-05-31 18:04:02.394,10015.42,10000,512,135,
2024-05-31 18:04:02.337,10017.32,10000,512,155,
2024-05-31 18:04:02.332,10013.68,10000,512,135,
2024-05-31 18:04:02.280,10015.62,10000,512,135,
2024-05-31 18:04:02.233,10013.28,10000,512,155,
2024-05-31 18:04:02.181,10015.12,10000,512,135,
2024-05-31 18:04:02.127,10015.32,10000,512,157,
2024-05-31 18:04:01.997,10023.82,10000,512,155,
2024-05-31 18:04:01.915,10015.66,10000,512,155,
2024-05-31 18:04:01.289,10016.09,10000,512,159,
2024-05-31 18:03:59.467,10015.10,10000,512,135,
2024-05-31 18:03:57.879,10016.19,10000,512,156,
2024-05-31 18:03:56.718,251.81,252,512,156,
2024-05-31 18:03:56.518,282.99,283,512,156,
2024-05-31 18:03:56.451,326.67,327,512,156,
2024-05-31 18:03:56.230,7282.38,7283,512,156,
2024-05-31 18:03:56.216,420.89,421,512,156,
2024-05-31 18:03:56.114,7023.72,7024,512,156,
2024-05-31 18:03:56.050,428.05,429,512,157,
2024-05-31 18:03:55.824,6908.71,6909,512,156,
2024-05-31 18:03:55.808,6898.19,6899,512,156,
2024-05-31 18:03:55.758,246.02,247,512,156,
2024-05-31 18:03:55.756,303.65,304,512,154,
2024-05-31 18:03:55.697,406.86,407,512,157,
2024-05-31 18:03:55.549,6966.07,6967,512,156,
2024-05-31 18:03:55.533,507.04,508,512,156,
2024-05-31 18:03:55.490,428.20,429,512,156,
2024-05-31 18:03:55.452,6982.05,6983,512,155,
2024-05-31 18:03:55.447,6731.49,6732,512,156,
2024-05-31 18:03:55.440,6655.43,6656,512,154,
2024-05-31 18:03:55.333,6802.78,6803,512,136,
2024-05-31 18:03:55.313,247.74,248,512,156,
2024-05-31 18:03:55.277,304.03,305,512,157,
2024-05-31 18:03:55.276,304.20,305,512,156,
2024-05-31 18:03:55.022,6686.66,6687,512,155,
2024-05-31 18:03:55.004,472.03,473,512,156,
2024-05-31 18:03:54.990,6596.81,6597,512,155,
2024-05-31 18:03:54.976,531.77,532,512,156,
2024-05-31 18:03:54.920,347.21,348,512,156,
2024-05-31 18:03:54.910,6988.30,6989,512,157,
2024-05-31 18:03:54.898,387.01,388,512,156,
2024-05-31 18:03:54.552,6900.79,6901,512,156,
2024-05-31 18:03:54.531,309.38,310,512,136,
2024-05-31 18:03:54.500,6690.01,6691,512,156,
2024-05-31 18:03:54.492,240.98,241,512,154,
2024-05-31 18:03:54.448,261.21,262,512,154,
2024-05-31 18:03:54.434,6852.53,6853,512,156,
2024-05-31 18:03:54.241,6629.91,6630,512,154,
2024-05-31 18:03:54.241,576.46,577,512,157,
2024-05-31 18:03:54.210,6698.54,6699,512,136,
2024-05-31 18:03:54.150,366.61,367,512,154,
2024-05-31 18:03:54.109,260.90,261,512,155,
2024-05-31 18:03:54.047,260.24,261,512,136,
2024-05-31 18:03:53.888,552.88,553,512,157,
2024-05-31 18:03:53.736,6648.95,6649,512,154,
2024-05-31 18:03:53.724,363.69,364,512,136,
2024-05-31 18:03:53.723,296.56,297,512,157,
2024-05-31 18:03:53.708,6588.26,6589,512,155,
2024-05-31 18:03:53.629,6791.44,6792,512,156,
2024-05-31 18:03:53.366,248.60,249,512,157,
2024-05-31 18:03:53.343,378.76,379,512,136,
2024-05-31 18:03:53.294,218.19,219,512,156,
2024-05-31 18:03:53.258,530.65,531,512,157,
2024-05-31 18:03:53.117,438.26,439,512,157,
2024-05-31 18:03:53.084,257.98,258,512,157,
2024-05-31 18:03:53.059,6614.09,6615,512,156,
2024-05-31 18:03:52.937,6674.76,6675,512,136,
2024-05-31 18:03:52.846,446.09,447,512,158,
2024-05-31 18:03:52.845,324.04,325,512,157,
2024-05-31 18:03:52.802,6582.02,6583,512,157,
2024-05-31 18:03:52.708,7111.20,7112,512,157,
2024-05-31 18:03:52.700,1015.23,1016,512,154,1849.24
2024-05-31 18:03:52.665,6695.26,6696,512,157,
2024-05-31 18:03:52.648,885.37,886,512,154,1918.46
2024-05-31 18:03:52.561,900.39,901,512,154,1906.24
2024-05-31 18:03:52.476,6840.86,6841,512,157,
2024-05-31 18:03:52.470,964.39,965,512,154,1886.46
2024-05-31 18:03:52.468,663.51,664,512,136,1874.69
2024-05-31 18:03:52.451,229.84,230,512,157,
2024-05-31 18:03:52.434,877.23,878,512,154,1946.99
2024-05-31 18:03:52.354,904.27,905,512,154,1941.72
2024-05-31 18:03:52.333,267.59,268,512,158,
2024-05-31 18:03:52.329,310.82,311,512,157,
2024-05-31 18:03:52.306,720.04,721,512,135,1804.54
2024-05-31 18:03:52.283,790.04,791,512,135,1708.44
2024-05-31 18:03:52.217,742.31,743,512,135,1924.23
2024-05-31 18:03:52.206,388.14,389,512,157,
2024-05-31 18:03:52.189,668.42,669,512,135,2001.01
2024-05-31 18:03:52.152,694.50,695,512,135,1846.99
2024-05-31 18:03:52.141,972.98,973,512,154,1931.16
2024-05-31 18:03:52.136,714.84,715,512,136,1871.22
2024-05-31 18:03:52.130,6666.32,6667,512,156,
2024-05-31 18:03:52.066,4106.41,4107,512,157,
2024-05-31 18:03:52.020,6839.96,6840,512,158,
2024-05-31 18:03:51.933,1083.71,1084,512,154,1570.34
2024-05-31 18:03:51.915,6683.03,6684,512,157,
2024-05-31 18:03:51.881,765.97,766,512,135,1898.14
2024-05-31 18:03:51.746,234.77,235,512,157,
2024-05-31 18:03:51.487,430.73,431,512,157,
2024-05-31 18:03:51.250,448.00,448,512,157,
2024-05-31 18:03:51.012,2067.97,2068,512,157,
2024-05-31 18:03:50.762,394.59,395,512,157,
2024-05-31 18:03:50.357,3413.87,3414,512,157,
2024-05-31 18:03:49.448,753.54,754,512,135,1851.95
2024-05-31 18:03:49.085,411.01,412,512,137,
2024-05-31 18:03:48.943,287.43,288,512,136,
2024-05-31 18:03:48.922,523.79,524,512,157,
2024-05-31 18:03:48.879,271.11,272,512,136,
2024-05-31 18:03:48.756,481.70,482,512,154,
2024-05-31 18:03:48.708,523.89,524,512,156,
2024-05-31 18:03:48.694,463.13,464,512,137,
2024-05-31 18:03:48.518,332.66,333,512,136,
2024-05-31 18:03:48.489,281.12,282,512,136,
2024-05-31 18:03:48.358,317.17,318,512,155,
2024-05-31 18:03:48.343,654.95,655,512,157,
2024-05-31 18:03:48.330,369.56,370,512,155,
2024-05-31 18:03:48.317,418.91,419,512,155,
2024-05-31 18:03:47.939,289.49,290,512,157,
2024-05-31 18:03:47.901,478.85,479,512,157,
2024-05-31 18:03:47.684,213.68,214,512,157,
2024-05-31 18:03:47.680,501.62,502,512,156,
2024-05-31 18:03:47.611,298.77,299,512,155,
2024-05-31 18:03:47.582,302.50,303,512,154,
2024-05-31 18:03:47.518,274.52,275,512,155,
2024-05-31 18:03:47.477,282.57,283,512,136,
2024-05-31 18:03:47.391,706.41,707,512,157,
2024-05-31 18:03:47.372,397.43,398,512,157,
2024-05-31 18:03:47.354,702.85,703,512,156,
2024-05-31 18:03:47.341,446.63,447,512,157,
2024-05-31 18:03:47.104,295.09,296,512,155,
2024-05-31 18:03:47.059,304.84,305,512,154,
2024-05-31 18:03:46.944,389.91,390,512,157,
2024-05-31 18:03:46.923,400.39,401,512,157,
2024-05-31 18:03:46.840,263.60,264,512,157,
2024-05-31 18:03:46.813,519.71,520,512,156,
2024-05-31 18:03:46.651,252.14,253,512,157,
2024-05-31 18:03:46.540,377.77,378,512,157,
2024-05-31 18:03:46.476,304.63,305,512,156,
2024-05-31 18:03:46.468,377.80,378,512,157,
2024-05-31 18:03:46.419,531.50,532,512,156,
2024-05-31 18:03:46.393,248.77,249,512,157,
2024-05-31 18:03:46.251,318.20,319,512,136,
2024-05-31 18:03:46.122,441.80,442,512,157,
2024-05-31 18:03:46.112,254.60,255,512,156,
2024-05-31 18:03:46.089,375.23,376,512,157,
2024-05-31 18:03:46.028,563.89,564,512,157,
2024-05-31 18:03:45.975,196.54,197,512,157,
2024-05-31 18:03:45.949,440.41,441,512,157,
2024-05-31 18:03:45.830,266.04,267,512,156,
2024-05-31 18:03:45.683,420.93,421,512,157,
2024-05-31 18:03:45.662,570.48,571,512,157,
2024-05-31 18:03:45.546,559.70,560,512,156,
2024-05-31 18:03:45.546,381.67,382,512,157,
2024-05-31 18:03:45.525,223.09,224,512,157,
2024-05-31 18:03:45.512,672.85,673,512,157,
2024-05-31 18:03:45.276,200.32,201,512,157,
2024-05-31 18:03:45.167,220.80,221,512,157,
2024-05-31 18:03:45.086,475.89,476,512,157,
2024-05-31 18:03:45.082,194.03,195,512,157,
2024-05-31 18:03:45.068,287.73,288,512,157,
2024-05-31 18:03:44.933,254.40,255,512,157,
2024-05-31 18:03:44.929,210.25,211,512,156,
2024-05-31 18:03:44.889,289.71,290,512,157,
2024-05-31 18:03:44.877,315.64,316,512,157,
2024-05-31 18:03:44.791,403.52,404,512,157,
2024-05-31 18:03:44.790,482.35,483,512,157,
2024-05-31 18:03:44.734,227.03,228,512,157,
2024-05-31 18:03:44.664,468.80,469,512,157,
2024-05-31 18:03:44.630,188.98,189,512,156,
2024-05-31 18:03:44.599,545.10,546,512,157,
2024-05-31 18:03:44.529,313.64,314,512,157,
2024-05-31 18:03:44.483,217.47,218,512,157,
2024-05-31 18:03:44.453,270.12,271,512,157,
2024-05-31 18:03:44.387,547.95,548,512,156,
2024-05-31 18:03:44.383,277.03,278,512,157,
2024-05-31 18:03:44.281,317.41,318,512,157,
2024-05-31 18:03:44.147,222.94,223,512,157,
2024-05-31 18:03:44.078,199.22,200,512,157,
2024-05-31 18:03:44.060,382.55,383,512,157,
2024-05-31 18:03:44.049,293.33,294,512,157,
2024-05-31 18:03:44.032,527.54,528,512,157,
2024-05-31 18:03:43.992,265.11,266,512,157,
2024-05-31 18:03:43.887,235.72,236,512,157,
2024-05-31 18:03:43.837,281.57,282,512,157,
2024-05-31 18:03:43.827,210.58,211,512,156,
2024-05-31 18:03:43.776,613.26,614,512,157,
2024-05-31 18:03:43.750,472.19,473,512,157,
2024-05-31 18:03:43.749,360.81,361,512,157,
2024-05-31 18:03:43.714,466.18,467,512,157,
2024-05-31 18:03:43.664,217.59,218,512,157,
2024-05-31 18:03:43.628,368.65,369,512,157,
2024-05-31 18:03:43.608,524.29,525,512,156,
2024-05-31 18:03:43.514,374.81,375,512,157,
2024-05-31 18:03:43.509,329.87,330,512,156,
2024-05-31 18:03:43.403,682.11,683,512,157,
2024-05-31 18:03:43.382,610.49,611,512,157,
2024-05-31 18:03:43.253,604.59,605,512,157,
2024-05-31 18:03:43.253,323.07,324,512,157,
2024-05-31 18:03:43.250,407.40,408,512,157,
2024-05-31 18:03:43.246,364.24,365,512,157,
2024-05-31 18:03:43.195,231.32,232,512,157,
2024-05-31 18:03:43.067,380.03,381,512,156,
2024-05-31 18:03:42.999,398.97,399,512,157,
2024-05-31 18:03:42.939,389.04,390,512,157,
2024-05-31 18:03:42.840,387.87,388,512,157,
2024-05-31 18:03:42.722,465.16,466,512,157,
2024-05-31 18:03:42.716,212.19,213,512,157,
2024-05-31 18:03:42.698,396.68,397,512,157,
2024-05-31 18:03:42.695,300.70,301,512,157,
2024-05-31 18:03:42.587,379.27,380,512,157,
2024-05-31 18:03:42.543,430.35,431,512,157,
2024-05-31 18:03:42.447,261.06,262,512,157,
2024-05-31 18:03:42.440,386.66,387,512,157,
2024-05-31 18:03:42.405,518.90,519,512,157,
2024-05-31 18:03:42.402,237.21,238,512,156,
2024-05-31 18:03:42.315,354.60,355,512,157,
2024-05-31 18:03:42.296,369.34,370,512,157,
2024-05-31 18:03:42.210,376.04,377,512,157,
2024-05-31 18:03:42.151,550.28,551,512,156,
2024-05-31 18:03:42.095,590.00,591,512,157,
2024-05-31 18:03:41.993,357.24,358,512,157,
2024-05-31 18:03:41.974,197.30,198,512,157,
2024-05-31 18:03:41.953,229.93,230,512,157,
2024-05-31 18:03:41.934,629.66,630,512,157,
2024-05-31 18:03:41.924,244.19,245,512,157,
2024-05-31 18:03:41.921,453.43,454,512,157,
2024-05-31 18:03:41.825,264.57,265,512,157,
2024-05-31 18:03:41.767,394.37,395,512,157,
2024-05-31 18:03:41.703,475.70,476,512,157,
2024-05-31 18:03:41.660,426.21,427,512,157,
2024-05-31 18:03:41.657,394.60,395,512,157,
2024-05-31 18:03:41.513,453.03,454,512,157,
2024-05-31 18:03:41.475,303.63,304,512,157,
2024-05-31 18:03:41.439,475.75,476,512,156,
2024-05-31 18:03:41.352,254.02,255,512,157,
2024-05-31 18:03:41.339,437.02,438,512,156,
2024-05-31 18:03:41.329,559.77,560,512,157,
2024-05-31 18:03:41.134,202.35,203,512,157,
2024-05-31 18:03:41.088,472.90,473,512,156,
2024-05-31 18:03:41.087,256.36,257,512,157,
2024-05-31 18:03:41.034,355.97,356,512,157,
2024-05-31 18:03:40.971,238.66,239,512,157,
2024-05-31 18:03:40.848,211.39,212,512,156,
2024-05-31 18:03:40.764,370.29,371,512,157,
2024-05-31 18:03:40.757,204.07,205,512,157,
2024-05-31 18:03:40.749,449.17,450,512,157,
2024-05-31 18:03:40.730,288.34,289,512,156,
2024-05-31 18:03:40.706,205.23,206,512,157,
2024-05-31 18:03:40.638,756.33,757,512,157,
2024-05-31 18:03:40.574,389.35,390,512,156,
2024-05-31 18:03:40.515,395.53,396,512,156,
2024-05-31 18:03:40.511,274.99,275,512,157,
2024-05-31 18:03:40.507,269.51,270,512,157,
2024-05-31 18:03:40.474,276.94,277,512,157,
2024-05-31 18:03:40.406,559.21,560,512,156,
2024-05-31 18:03:40.261,205.32,206,512,157,
2024-05-31 18:03:40.166,180.11,181,512,156,
2024-05-31 18:03:40.149,223.30,224,512,157,
2024-05-31 18:03:40.148,495.57,496,512,157,
2024-05-31 18:03:40.061,275.43,276,512,156,
2024-05-31 18:03:40.005,285.93,286,512,157,
2024-05-31 18:03:39.962,371.50,372,512,156,
2024-05-31 18:03:39.917,396.97,397,512,157,
2024-05-31 18:03:39.873,195.35,196,512,157,
2024-05-31 18:03:39.870,347.55,348,512,157,
2024-05-31 18:03:39.814,517.92,518,512,155,
2024-05-31 18:03:39.751,466.93,467,512,156,
2024-05-31 18:03:39.692,237.08,238,512,157,
2024-05-31 18:03:39.679,476.40,477,512,157,
2024-05-31 18:03:39.677,512.46,513,512,157,
2024-05-31 18:03:39.638,551.17,552,512,157,
2024-05-31 18:03:39.601,210.00,210,512,157,
2024-05-31 18:03:39.564,426.46,427,512,156,
2024-05-31 18:03:39.488,245.37,246,512,157,
2024-05-31 18:03:39.389,798.85,799,512,157,
2024-05-31 18:03:39.372,411.77,412,512,157,
2024-05-31 18:03:39.257,541.39,542,512,156,
2024-05-31 18:03:39.195,263.66,264,512,157,
2024-05-31 18:03:39.138,478.86,479,512,157,
2024-05-31 18:03:39.125,216.52,217,512,156,
2024-05-31 18:03:39.060,262.57,263,512,156,
2024-05-31 18:03:39.037,197.16,198,512,157,
2024-05-31 18:03:38.893,449.33,450,512,156,
2024-05-31 18:03:38.892,214.46,215,512,157,
2024-05-31 18:03:38.818,397.51,398,512,157,
2024-05-31 18:03:38.783,235.17,236,512,156,
2024-05-31 18:03:38.718,504.75,505,512,156,
2024-05-31 18:03:38.678,180.63,181,512,156,
2024-05-31 18:03:38.662,386.91,387,512,157,
2024-05-31 18:03:38.563,374.76,375,512,157,
2024-05-31 18:03:38.556,250.59,251,512,157,
2024-05-31 18:03:38.424,308.76,309,512,156,
2024-05-31 18:03:38.414,354.59,355,512,157,
2024-05-31 18:03:38.397,218.71,219,512,156,
2024-05-31 18:03:38.388,594.18,595,512,156,
2024-05-31 18:03:38.342,375.88,376,512,154,
2024-05-31 18:03:38.216,486.90,487,512,157,
2024-05-31 18:03:38.203,322.16,323,512,156,
2024-05-31 18:03:38.173,471.38,472,512,156,
2024-05-31 18:03:38.151,222.36,223,512,157,
2024-05-31 18:03:38.087,587.23,588,512,156,
2024-05-31 18:03:38.063,513.97,514,512,157,
2024-05-31 18:03:38.041,445.50,446,512,157,
2024-05-31 18:03:38.039,202.14,203,512,157,
2024-05-31 18:03:38.027,383.15,384,512,156,
2024-05-31 18:03:37.835,380.13,381,512,156,
2024-05-31 18:03:37.746,349.32,350,512,156,
2024-05-31 18:03:37.725,482.85,483,512,157,
2024-05-31 18:03:37.683,420.85,421,512,156,
2024-05-31 18:03:37.664,501.05,502,512,157,
2024-05-31 18:03:37.660,479.28,480,512,157,
2024-05-31 18:03:37.504,543.48,544,512,157,
2024-05-31 18:03:37.489,191.25,192,512,156,
2024-05-31 18:03:37.376,266.60,267,512,156,
2024-05-31 18:03:37.285,446.60,447,512,156,
2024-05-31 18:03:37.247,192.10,193,512,156,
2024-05-31 18:03:37.191,214.32,215,512,157,
2024-05-31 18:03:37.171,448.16,449,512,157,
2024-05-31 18:03:37.128,217.29,218,512,157,
2024-05-31 18:03:37.121,337.17,338,512,156,
2024-05-31 18:03:37.025,313.73,314,512,156,
2024-05-31 18:03:37.014,404.08,405,512,156,
2024-05-31 18:03:36.960,511.49,512,512,157,
2024-05-31 18:03:36.954,453.58,454,512,157,
2024-05-31 18:03:36.877,229.78,230,512,157,
2024-05-31 18:03:36.805,227.52,228,512,156,
2024-05-31 18:03:36.784,382.31,383,512,157,
2024-05-31 18:03:36.702,367.88,368,512,156,
2024-05-31 18:03:36.666,443.34,444,512,156,
2024-05-31 18:03:36.574,309.15,310,512,156,
2024-05-31 18:03:36.486,350.44,351,512,157,
2024-05-31 18:03:36.421,207.19,208,512,156,
2024-05-31 18:03:36.390,240.52,241,512,157,
2024-05-31 18:03:36.317,226.47,227,512,156,
2024-05-31 18:03:36.314,425.74,426,512,156,
2024-05-31 18:03:36.249,411.62,412,512,156,
2024-05-31 18:03:36.235,295.01,296,512,157,
2024-05-31 18:03:36.203,226.74,227,512,156,
2024-05-31 18:03:36.183,450.72,451,512,156,
2024-05-31 18:03:36.142,381.39,382,512,157,
2024-05-31 18:03:35.992,293.95,294,512,156,
2024-05-31 18:03:35.857,213.44,214,512,157,
2024-05-31 18:03:35.856,289.15,290,512,156,
2024-05-31 18:03:35.798,391.87,392,512,156,
2024-05-31 18:03:35.793,201.47,202,512,156,
2024-05-31 18:03:35.742,608.67,609,512,157,
2024-05-31 18:03:35.730,667.14,668,512,157,
2024-05-31 18:03:35.717,212.69,213,512,156,
2024-05-31 18:03:35.700,423.43,424,512,156,
2024-05-31 18:03:35.678,221.38,222,512,156,
2024-05-31 18:03:35.609,505.64,506,512,157,
2024-05-31 18:03:35.540,351.32,352,512,156,
2024-05-31 18:03:35.436,268.51,269,512,156,
2024-05-31 18:03:35.431,198.70,199,512,156,
2024-05-31 18:03:35.406,454.15,455,512,156,
2024-05-31 18:03:35.278,395.46,396,512,156,
2024-05-31 18:03:35.081,386.34,387,512,157,
2024-05-31 18:03:35.037,244.03,245,512,156,
2024-05-31 18:03:35.024,376.79,377,512,156,
2024-05-31 18:03:35.019,284.94,285,512,156,
2024-05-31 18:03:35.018,215.97,216,512,157,
2024-05-31 18:03:34.979,533.27,534,512,156,
2024-05-31 18:03:34.887,500.15,501,512,156,
2024-05-31 18:03:34.827,235.68,236,512,156,
2024-05-31 18:03:34.747,206.24,207,512,156,
2024-05-31 18:03:34.726,237.43,238,512,156,
2024-05-31 18:03:34.667,453.05,454,512,157,
2024-05-31 18:03:34.594,423.03,424,512,156,
2024-05-31 18:03:34.486,427.68,428,512,156,
2024-05-31 18:03:34.461,267.69,268,512,156,
2024-05-31 18:03:34.445,340.90,341,512,156,
2024-05-31 18:03:34.413,305.17,306,512,156,
2024-05-31 18:03:34.379,248.05,249,512,157,
2024-05-31 18:03:34.182,516.18,517,512,156,
2024-05-31 18:03:34.164,549.73,550,512,156,
2024-05-31 18:03:34.092,392.57,393,512,156,
2024-05-31 18:03:34.082,324.24,325,512,157,
2024-05-31 18:03:34.080,231.93,232,512,156,
2024-05-31 18:03:34.064,190.91,191,512,156,
2024-05-31 18:03:33.993,263.66,264,512,136,
2024-05-31 18:03:33.933,451.64,452,512,156,
2024-05-31 18:03:33.922,486.39,487,512,156,
2024-05-31 18:03:33.886,348.31,349,512,156,
2024-05-31 18:03:33.597,207.80,208,512,156,
2024-05-31 18:03:33.561,452.90,453,512,156,
2024-05-31 18:03:33.490,386.15,387,512,156,
2024-05-31 18:03:33.455,644.54,645,512,156,
2024-05-31 18:03:33.441,733.06,734,512,156,
2024-05-31 18:03:33.431,240.86,241,512,155,
2024-05-31 18:03:33.388,244.23,245,512,136,
2024-05-31 18:03:33.373,207.79,208,512,156,
2024-05-31 18:03:33.301,561.93,562,512,157,
2024-05-31 18:03:33.263,215.13,216,512,156,
2024-05-31 18:03:33.244,192.78,193,512,156,
2024-05-31 18:03:33.150,441.88,442,512,156,
2024-05-31 18:03:32.996,556.15,557,512,156,
2024-05-31 18:03:32.959,424.17,425,512,156,
2024-05-31 18:03:32.847,190.93,191,512,156,
2024-05-31 18:03:32.807,224.26,225,512,156,
2024-05-31 18:03:32.687,219.05,220,512,156,
2024-05-31 18:03:32.637,250.82,251,512,156,
2024-05-31 18:03:32.614,511.42,512,512,156,
2024-05-31 18:03:32.412,207.46,208,512,156,
2024-05-31 18:03:32.358,226.18,227,512,156,
2024-05-31 18:03:32.333,251.29,252,512,156,
2024-05-31 18:03:32.314,278.62,279,512,136,
2024-05-31 18:03:32.269,207.69,208,512,156,
2024-05-31 18:03:32.189,182.77,183,512,156,
2024-05-31 18:03:32.045,318.77,319,512,156,
2024-05-31 18:03:31.975,209.20,210,512,156,
2024-05-31 18:03:31.942,257.35,258,512,136,
2024-05-31 18:03:31.859,390.51,391,512,156,
2024-05-31 18:03:31.858,211.17,212,512,156,
2024-05-31 18:03:31.849,309.19,310,512,156,
2024-05-31 18:03:31.790,181.52,182,512,156,
2024-05-31 18:03:31.781,327.41,328,512,156,
2024-05-31 18:03:31.658,285.83,286,512,136,
2024-05-31 18:03:31.624,663.92,664,512,156,
2024-05-31 18:03:31.535,350.64,351,512,156,
2024-05-31 18:03:31.362,328.55,329,512,136,
2024-05-31 18:03:31.323,194.41,195,512,156,
2024-05-31 18:03:31.281,225.56,226,512,156,
2024-05-31 18:03:31.277,219.91,220,512,156,
2024-05-31 18:03:31.125,235.99,236,512,156,
2024-05-31 18:03:31.100,446.07,447,512,156,
2024-05-31 18:03:31.008,297.83,298,512,136,
2024-05-31 18:03:30.993,391.47,392,512,156,
2024-05-31 18:03:30.946,399.12,400,512,156,
2024-05-31 18:03:30.897,402.68,403,512,156,
2024-05-31 18:03:30.757,369.85,370,512,156,
2024-05-31 18:03:30.690,226.22,227,512,136,
2024-05-31 18:03:30.433,265.34,266,512,136,
2024-05-31 18:03:30.368,497.01,498,512,156,
2024-05-31 18:03:30.334,211.33,212,512,156,
2024-05-31 18:03:30.310,259.15,260,512,156,
2024-05-31 18:03:30.258,256.27,257,512,156,
2024-05-31 18:03:30.218,624.01,625,512,156,
2024-05-31 18:03:30.209,513.97,514,512,156,
2024-05-31 18:03:30.181,220.37,221,512,156,
2024-05-31 18:03:29.995,450.59,451,512,156,
2024-05-31 18:03:29.908,242.72,243,512,156,
2024-05-31 18:03:29.905,496.42,497,512,156,
2024-05-31 18:03:29.773,335.23,336,512,156,
2024-05-31 18:03:29.689,198.14,199,512,156,
2024-05-31 18:03:29.639,624.83,625,512,156,
2024-05-31 18:03:29.559,465.50,466,512,156,
2024-05-31 18:03:29.520,578.18,579,512,156,
2024-05-31 18:03:29.276,227.42,228,512,156,
2024-05-31 18:03:29.215,323.59,324,512,156,
2024-05-31 18:03:29.144,474.25,475,512,156,
2024-05-31 18:03:29.063,624.40,625,512,156,
2024-05-31 18:03:29.020,397.71,398,512,156,
2024-05-31 18:03:28.958,258.23,259,512,155,
2024-05-31 18:03:28.795,243.48,244,512,156,
2024-05-31 18:03:28.719,231.97,232,512,155,
2024-05-31 18:03:28.626,234.61,235,512,156,
2024-05-31 18:03:28.479,491.18,492,512,156,
2024-05-31 18:03:28.333,448.38,449,512,156,
2024-05-31 18:03:28.308,315.64,316,512,155,
2024-05-31 18:03:28.300,235.40,236,512,155,
2024-05-31 18:03:27.881,178.65,179,512,155,
2024-05-31 18:03:27.859,217.86,218,512,156,
2024-05-31 18:03:27.830,230.60,231,512,155,
2024-05-31 18:03:27.818,284.39,285,512,156,
2024-05-31 18:03:27.792,353.86,354,512,155,
2024-05-31 18:03:27.790,299.14,300,512,155,
2024-05-31 18:03:27.773,389.54,390,512,156,
2024-05-31 18:03:27.360,367.58,368,512,155,
2024-05-31 18:03:27.216,320.70,321,512,155,
2024-05-31 18:03:27.150,203.04,204,512,155,
2024-05-31 18:03:27.099,543.27,544,512,156,
2024-05-31 18:03:27.053,348.02,349,512,155,
2024-05-31 18:03:27.027,399.05,400,512,156,
2024-05-31 18:03:26.860,328.52,329,512,155,
2024-05-31 18:03:26.763,327.01,328,512,155,
2024-05-31 18:03:26.743,345.28,346,512,155,
2024-05-31 18:03:26.719,224.01,225,512,155,
2024-05-31 18:03:26.259,284.75,285,512,155,
2024-05-31 18:03:26.176,245.61,246,512,155,
2024-05-31 18:03:26.121,223.09,224,512,155,
2024-05-31 18:03:26.028,341.66,342,512,155,
2024-05-31 18:03:25.952,395.17,396,512,156,
2024-05-31 18:03:25.890,242.19,243,512,155,
2024-05-31 18:03:25.887,352.96,353,512,155,
2024-05-31 18:03:25.753,368.82,369,512,155,
2024-05-31 18:03:25.700,266.89,267,512,155,
2024-05-31 18:03:25.700,235.97,236,512,156,
2024-05-31 18:03:25.431,473.29,474,512,156,
2024-05-31 18:03:25.252,367.95,368,512,155,
2024-05-31 18:03:25.181,235.72,236,512,155,
2024-05-31 18:03:25.171,543.74,544,512,155,
2024-05-31 18:03:25.060,395.34,396,512,156,
2024-05-31 18:03:24.917,521.21,522,512,156,
2024-05-31 18:03:24.874,301.65,302,512,155,
2024-05-31 18:03:24.805,321.64,322,512,155,
2024-05-31 18:03:24.767,239.72,240,512,155,
2024-05-31 18:03:24.605,254.48,255,512,156,
2024-05-31 18:03:24.554,619.36,620,512,155,
2024-05-31 18:03:24.465,480.93,481,512,155,
2024-05-31 18:03:24.278,424.48,425,512,156,
2024-05-31 18:03:24.158,806.40,807,512,155,
2024-05-31 18:03:24.071,486.23,487,512,155,
2024-05-31 18:03:24.059,516.61,517,512,155,
2024-05-31 18:03:24.001,367.51,368,512,135,
2024-05-31 18:03:24.001,576.94,577,512,155,
2024-05-31 18:03:23.933,248.69,249,512,136,
2024-05-31 18:03:23.717,231.41,232,512,156,
2024-05-31 18:03:23.417,546.25,547,512,156,
2024-05-31 18:03:23.231,266.06,267,512,155,
2024-05-31 18:03:23.173,228.08,229,512,154,
2024-05-31 18:03:23.163,1165.35,1166,512,154,1835.84
2024-05-31 18:03:23.055,448.72,449,512,155,
2024-05-31 18:03:22.931,399.21,400,512,155,
2024-05-31 18:03:22.922,1013.37,1014,512,154,1856.36
2024-05-31 18:03:22.893,260.89,261,512,135,
2024-05-31 18:03:22.892,208.45,209,512,136,
2024-05-31 18:03:22.864,886.40,887,512,136,2001.39
2024-05-31 18:03:22.856,450.97,451,512,155,
2024-05-31 18:03:22.849,744.73,745,512,135,1870.33
2024-05-31 18:03:22.838,457.58,458,512,155,
2024-05-31 18:03:22.814,933.96,934,512,154,1936.40
2024-05-31 18:03:22.736,266.84,267,512,155,
2024-05-31 18:03:22.723,667.88,668,512,135,1828.59
2024-05-31 18:03:22.585,906.69,907,512,155,1932.22
2024-05-31 18:03:22.485,1005.80,1006,512,154,1830.12
2024-05-31 18:03:22.416,480.74,481,512,155,
2024-05-31 18:03:22.337,739.65,740,512,135,1890.64
2024-05-31 18:03:22.245,250.54,251,512,155,
2024-05-31 18:03:22.154,711.10,712,512,135,1809.13
2024-05-31 18:03:22.154,246.84,247,512,136,
2024-05-31 18:03:22.102,554.35,555,512,155,
2024-05-31 18:03:22.090,431.60,432,512,135,
2024-05-31 18:03:22.065,375.27,376,512,154,
2024-05-31 18:03:22.050,1114.66,1115,512,155,1744.67
2024-05-31 18:03:22.049,761.32,762,512,135,1828.63
2024-05-31 18:03:21.961,407.69,408,512,155,
2024-05-31 18:03:21.744,931.33,932,512,136,1995.49
2024-05-31 18:03:21.685,247.40,248,512,135,
2024-05-31 18:03:21.674,1042.44,1043,512,154,1633.42
2024-05-31 18:03:21.668,206.69,207,512,155,
2024-05-31 18:03:21.661,905.81,906,512,155,1660.01
2024-05-31 18:03:21.636,229.53,230,512,135,
2024-05-31 18:03:21.628,1021.07,1022,512,154,1934.93
2024-05-31 18:03:21.445,447.25,448,512,155,
2024-05-31 18:03:21.438,552.16,553,512,155,
2024-05-31 18:03:21.416,674.72,675,512,135,1860.36
2024-05-31 18:03:21.320,752.77,753,512,135,1836.35
2024-05-31 18:03:21.198,878.82,879,512,154,1525.15
2024-05-31 18:03:21.195,241.29,242,512,155,
2024-05-31 18:03:21.181,467.61,468,512,155,
2024-05-31 18:03:21.164,1069.89,1070,512,155,1851.57
2024-05-31 18:03:21.137,540.55,541,512,155,
2024-05-31 18:03:21.053,422.78,423,512,135,
2024-05-31 18:03:20.993,440.13,441,512,136,
2024-05-31 18:03:20.876,652.33,653,512,135,1629.26
2024-05-31 18:03:20.874,457.25,458,512,155,
2024-05-31 18:03:20.834,766.02,767,512,134,1887.39
2024-05-31 18:03:20.772,684.87,685,512,135,1863.66
2024-05-31 18:03:20.742,244.68,245,512,136,
2024-05-31 18:03:20.608,228.91,229,512,135,
2024-05-31 18:03:20.543,733.58,734,512,136,1864.83
2024-05-31 18:03:20.540,702.32,703,512,135,2110.67
2024-05-31 18:03:20.536,859.49,860,512,135,1957.22
2024-05-31 18:03:20.493,952.43,953,512,154,1945.46
2024-05-31 18:03:20.485,762.34,763,512,136,1921.29
2024-05-31 18:03:20.477,776.24,777,512,135,1904.43
2024-05-31 18:03:20.418,750.20,751,512,135,2072.18
2024-05-31 18:03:20.414,669.39,670,512,136,1903.98
2024-05-31 18:03:20.414,900.93,901,512,136,1934.03
2024-05-31 18:03:20.180,749.50,750,512,135,1588.23
