@timestamp,RequestId,Duration,Billed Duration,Memory Size,Max Memory Used,Init Duration
2024-05-31 19:10:08.750,dee9f2d2-db58-4d5a-992c-768163dfe60d,2.87,3,512,103,
2024-05-31 19:10:08.712,94206dc9-4bda-44f5-9cec-656bcf1e43f8,2.70,3,512,103,
2024-05-31 19:10:08.698,b69ed359-83b7-4d35-845f-7e1e2bd79cb7,2.98,3,512,103,
2024-05-31 19:10:08.621,6bfc7648-93ad-4aa8-a9e8-0b710f5690e6,7.44,8,512,103,
2024-05-31 19:10:08.609,49d867f6-054e-4c1f-aeeb-7c3e92156242,3.04,4,512,103,
2024-05-31 19:10:08.549,cbba459d-a1e0-44d8-9b67-590638a0a7d6,2.90,3,512,103,
2024-05-31 19:10:08.546,605aef8d-feaf-48c8-bd24-b3826a15a4ac,3.10,4,512,102,
2024-05-31 19:10:08.516,35bb6fff-39ac-4941-8a87-22872860f360,3.54,4,512,102,
2024-05-31 19:10:08.492,4d7de732-cf05-4e61-8ae2-f97bbf703a88,2.98,3,512,102,
2024-05-31 19:10:08.462,f27adaf7-63e9-4a71-9719-c7d98edc368b,2.94,3,512,103,
2024-05-31 19:10:08.462,d7a5a133-c3b1-4232-a6dc-27e7adec1e8f,2.65,3,512,102,
2024-05-31 19:10:08.439,f5b9803b-3169-4e2e-992e-8d2f2cd339ce,2.83,3,512,103,
2024-05-31 19:10:08.412,e2d2086a-765c-4930-b3ee-93fd15e77e21,2.82,3,512,103,
2024-05-31 19:10:08.407,5a59d7fe-e898-45ca-9ccb-03544474530b,2.74,3,512,102,
2024-05-31 19:10:08.366,5ae2a5d7-7e5b-4ee8-80b5-0a351eab9148,4.14,5,512,102,
2024-05-31 19:10:08.364,d3ee31e7-e117-40c8-9c67-7a323c813255,5.96,6,512,103,
2024-05-31 19:10:08.356,fe04593f-e575-40f1-8f1e-41268c16ed18,3.25,4,512,102,
2024-05-31 19:10:08.324,8f67a3e0-19dd-4bf6-b2af-fa27518eadb6,3.53,4,512,102,
2024-05-31 19:10:08.321,689838d8-fc6e-4a60-bbc4-181a7ac23d8f,3.48,4,512,103,
2024-05-31 19:10:08.253,a02c16eb-41ce-4660-9055-5d382b178a76,3.06,4,512,103,
2024-05-31 19:10:08.250,7cc98431-5a91-4085-976d-9594a7b13900,2.91,3,512,102,
2024-05-31 19:10:08.209,8d06553a-dc76-4d53-a8aa-846c67141218,2.97,3,512,102,
2024-05-31 19:10:08.208,7cf4cc02-bd0e-428b-afb6-32ee63012b4a,2.58,3,512,103,
2024-05-31 19:10:08.198,a46c5cc4-6983-409d-bae1-fd934c61d886,2.95,3,512,103,
2024-05-31 19:10:08.195,e10e3e52-fc63-47e7-85b4-8e22e78f00ba,3.15,4,512,102,
2024-05-31 19:10:08.181,014d1e5e-aaed-464d-8575-f91ff81c714d,2.77,3,512,102,
2024-05-31 19:10:08.118,8f32a32c-c001-43d0-9e8d-ca7a7abffccf,2.87,3,512,102,
2024-05-31 19:10:08.112,d180c10b-437c-445d-a82a-79b6a2e7dfce,2.91,3,512,103,
2024-05-31 19:10:08.081,6dc64480-fa5e-4a6d-b904-101ba1ef9768,2.93,3,512,103,
2024-05-31 19:10:08.079,1cc0b8d3-ab46-4082-9760-f3ba604b2227,2.76,3,512,102,
2024-05-31 19:10:08.062,43e27f46-07cf-483b-af47-09b5dfe1b632,2.84,3,512,103,
2024-05-31 19:10:08.040,6efb3f78-1f48-4822-a0e7-dfd13a980bc4,3.76,4,512,103,
2024-05-31 19:10:08.032,ae7f58ec-fb47-4200-87e2-b8f26f8ae292,2.99,3,512,102,
2024-05-31 19:10:07.974,cd030259-bb43-430e-8dbd-d57e7844e454,2.42,3,512,102,
2024-05-31 19:10:07.968,c2bd34ff-9960-4202-bc0b-f8b281189b00,3.01,4,512,102,
2024-05-31 19:10:07.944,a9f15a8b-6182-49ba-b0e4-0f4714841229,2.72,3,512,102,
2024-05-31 19:10:07.931,9d585e92-2922-4ac3-88d9-67225420e009,2.89,3,512,102,
2024-05-31 19:10:07.931,62e99f6b-33a1-4409-aa3a-9d6ca205d0fb,2.78,3,512,103,
2024-05-31 19:10:07.902,25836c65-f2dc-44e3-b59e-da480c23c8eb,2.94,3,512,103,
2024-05-31 19:10:07.897,4ab99d0d-37f5-4bdb-9dfa-9ade79c14039,2.86,3,512,102,
2024-05-31 19:10:07.852,840aad79-f3b6-4acb-aec2-74c9af05bcb6,3.89,4,512,102,
2024-05-31 19:10:07.832,95e18c4c-d399-4b00-a2c6-76db87fcdf6f,2.73,3,512,102,
2024-05-31 19:10:07.814,83b879c1-8a45-4461-9b82-b72e1124f51c,2.92,3,512,102,
2024-05-31 19:10:07.789,ed31520f-6013-4611-a2bb-3734da9caaac,2.74,3,512,102,
2024-05-31 19:10:07.787,9fae85e5-239a-4566-b26a-49a811ffcb0a,2.83,3,512,103,
2024-05-31 19:10:07.750,71cd8d31-5c31-4af3-b3e8-32ba26c513bd,2.73,3,512,103,
2024-05-31 19:10:07.748,552d8630-cae9-4a3b-b108-aaa53f5c77bc,2.62,3,512,102,
2024-05-31 19:10:07.708,e6346e97-3d26-45a6-8e9b-ea9358364f3c,2.90,3,512,102,
2024-05-31 19:10:07.703,19d59c27-7838-4b83-842e-42ee7193e03e,3.09,4,512,103,
2024-05-31 19:10:07.696,c5e98606-b3bb-457d-954f-34c7c1cb5f1c,2.78,3,512,102,
2024-05-31 19:10:07.662,ed6b0628-ce6b-47a5-93e3-1ed0529834ce,3.15,4,512,102,
2024-05-31 19:10:07.643,a9346376-5329-4f5b-8fd6-bc0e6d05e85e,3.15,4,512,102,
2024-05-31 19:10:07.600,1dbc7268-c0a1-4356-bcb3-2189d8adae49,2.84,3,512,102,
2024-05-31 19:10:07.580,459ea411-ac97-4572-b479-b107580efccb,2.95,3,512,102,
2024-05-31 19:10:07.561,afef8dbb-dbe8-4579-821e-d244a001ac95,2.79,3,512,102,
2024-05-31 19:10:07.536,dcdc836d-788b-46a5-ae57-77ee545beb35,3.22,4,512,102,
2024-05-31 19:10:07.533,85857091-7cd8-40fe-b58f-ebd3ff96ef05,2.87,3,512,103,
2024-05-31 19:10:07.513,da820884-5218-4b68-9ab6-3a46c784636f,3.13,4,512,103,
2024-05-31 19:10:07.495,e4635e83-49f9-40ba-9226-bed70d147dd9,2.84,3,512,103,
2024-05-31 19:10:07.465,4103059d-3c17-4d9c-970b-11736a2ac44e,2.94,3,512,103,
2024-05-31 19:10:07.441,d00884be-5d6d-4498-883b-b911ae1175af,3.10,4,512,103,
2024-05-31 19:10:07.417,252cf9c3-de96-40f2-9d44-4ddb6811ee4a,2.93,3,512,103,
2024-05-31 19:10:07.410,8bf888b3-6db1-4002-89c3-741b364dfe43,2.92,3,512,102,
2024-05-31 19:10:07.401,cf7b49a1-3c8b-414c-87dc-6871e3f681b1,3.06,4,512,102,
2024-05-31 19:10:07.346,91c3f352-eccb-4648-b5e4-51f62d5f8aee,2.84,3,512,102,
2024-05-31 19:10:07.346,16341c1a-afd9-4f98-9632-3eb2fa198375,2.86,3,512,103,
2024-05-31 19:10:07.339,70ef7ab4-9a7f-4720-8382-9da2ae39b402,3.05,4,512,102,
2024-05-31 19:10:07.287,aeab4ea1-fbd2-43c9-907c-83ce899c2033,3.34,4,512,102,
2024-05-31 19:10:07.287,69ed42be-6467-4160-9653-aa7d9f6254be,3.65,4,512,103,
2024-05-31 19:10:07.262,a888e56d-c69b-4cdf-8552-4c68e54c7113,2.62,3,512,103,
2024-05-31 19:10:07.258,80f109ff-d735-4ee0-89f8-31c8909e5131,3.21,4,512,102,
2024-05-31 19:10:07.246,b4f62533-baa0-4019-b35e-538a0300abb6,2.94,3,512,102,
2024-05-31 19:10:07.246,99e62d75-8e7f-40ed-93da-cab3e381d45b,2.71,3,512,103,
2024-05-31 19:10:07.200,1a45d6fc-a891-4eec-8d4e-4170ac6d618b,2.90,3,512,103,
2024-05-31 19:10:07.145,efdcd9b2-914d-479f-bf5a-163f816c4a07,3.06,4,512,103,
2024-05-31 19:10:07.114,70e82fea-1bac-49b9-83d9-11a4ba3eae59,2.67,3,512,103,
2024-05-31 19:10:07.109,93214688-e7ec-43e8-ae54-b2763cd2dc0b,2.71,3,512,102,
2024-05-31 19:10:07.108,22f36bf3-dd3f-4dcc-b402-35a53b8ccba6,2.92,3,512,102,
2024-05-31 19:10:07.084,49013e76-8ea7-4cae-8fe8-c281b2e5bb78,3.04,4,512,102,
2024-05-31 19:10:07.081,8bd9604c-7f06-4768-9f6e-9c69f33c4822,3.03,4,512,102,
2024-05-31 19:10:07.035,6f866fe6-37cf-47af-8363-02e4c49d6766,2.85,3,512,102,
2024-05-31 19:10:07.005,a1ffd898-d401-480a-bfa4-b4eb360b10d3,2.76,3,512,102,
2024-05-31 19:10:06.970,be9ad3dc-c37c-446c-a51e-985695e0d27f,2.86,3,512,102,
2024-05-31 19:10:06.969,067cd213-2ca7-42ec-b133-a4b3db26c7a7,2.93,3,512,102,
2024-05-31 19:10:06.936,5cba7680-6851-464f-99c6-0668378c934f,2.84,3,512,102,
2024-05-31 19:10:06.930,6920f340-316c-4a99-92c7-3312ae4d462c,3.35,4,512,102,
2024-05-31 19:10:06.930,bc060d4c-2121-4343-bcb0-add7d69a346e,3.11,4,512,103,
2024-05-31 19:10:06.905,8fdc92e8-5cc0-4838-a7f1-29ca192e890e,3.49,4,512,103,
2024-05-31 19:10:06.875,4901215c-cdb2-4b59-9937-d47ef0290a54,3.28,4,512,103,
2024-05-31 19:10:06.860,859dc371-6ad2-4590-b3b3-6e62e3ebff83,2.97,3,512,103,
2024-05-31 19:10:06.837,57ffbe1e-f688-4dcb-9526-9a9c636308ce,2.77,3,512,103,
2024-05-31 19:10:06.795,9a44057d-4271-4f57-bf16-306c115b9bc1,2.82,3,512,103,
2024-05-31 19:10:06.788,7b7a0ab5-5257-45e4-9422-d435d6ba602a,2.78,3,512,102,
2024-05-31 19:10:06.752,a87937a0-14c6-4707-be67-9852e4930e46,2.94,3,512,102,
2024-05-31 19:10:06.749,7c4fc7ad-3d25-4256-a770-18480da937d6,2.99,3,512,103,
2024-05-31 19:10:06.743,cb15ef0e-47fc-4fb1-b9c4-2e25eae0825a,2.93,3,512,102,
2024-05-31 19:10:06.694,ce427d4b-2bf7-474a-baa0-f131b4e53496,2.98,3,512,103,
2024-05-31 19:10:06.693,76231ce6-bfaa-4e7c-b78d-f3acd2ab22c3,2.83,3,512,102,
2024-05-31 19:10:06.637,2b2ebaf8-88cd-4c46-baf0-54b68f7f032d,2.97,3,512,102,
2024-05-31 19:10:06.636,0e124dff-32d3-4249-b522-dcfaf6d57196,2.90,3,512,103,
2024-05-31 19:10:06.632,f856b9b4-c00a-45a7-a4d9-62a12e854d5e,2.92,3,512,102,
2024-05-31 19:10:06.586,30dfc439-e827-4329-be41-01b8802d9d99,3.42,4,512,102,
2024-05-31 19:10:06.585,bca7ba0f-3376-444f-815c-da815e154569,3.34,4,512,103,
2024-05-31 19:10:06.567,079e0390-fd3d-40e1-9233-4f763d8f7d27,2.68,3,512,103,
2024-05-31 19:10:06.565,9e4d1954-6412-4aa6-96b0-16ef9ecec979,3.27,4,512,102,
2024-05-31 19:10:06.492,56f27c96-21dd-42f2-ab0f-e8c7a4ae5114,3.08,4,512,102,
2024-05-31 19:10:06.469,5e8ea78e-ed84-4d4f-8e72-b2725a31d60d,3.64,4,512,102,
2024-05-31 19:10:06.467,868775b9-f72e-4767-b727-02662b01e55c,2.97,3,512,103,
2024-05-31 19:10:06.437,28e79136-120a-45f3-9cbb-d6eabe6e99fd,3.19,4,512,103,
2024-05-31 19:10:06.407,86b25708-f467-4d50-8e4b-84754593d602,2.70,3,512,103,
2024-05-31 19:10:06.400,eb0b17fe-e8e1-4838-bdbe-d3f8d3c4f513,3.18,4,512,102,
2024-05-31 19:10:06.359,e667f96f-83e4-4111-9e85-ffb17c693b57,2.70,3,512,103,
2024-05-31 19:10:06.359,750938bb-3961-447b-9c6a-1539fff1effc,3.20,4,512,102,
2024-05-31 19:10:06.317,aec73519-5d30-4d7b-b524-7b29dbbd5713,2.73,3,512,103,
2024-05-31 19:10:06.300,17ee2bab-1254-434e-9861-f2d1ce57900c,3.04,4,512,103,
2024-05-31 19:10:06.298,7ff36acf-dd13-4f32-8b72-b3fe29ec5705,3.12,4,512,102,
2024-05-31 19:10:06.245,9f6a8396-9572-4c21-950b-e554c5d13200,2.80,3,512,103,
2024-05-31 19:10:06.245,0b9c99af-0736-4e92-80ca-c135f2d251e6,3.05,4,512,102,
2024-05-31 19:10:06.209,993b31f8-5e1e-4e75-9c0f-bbcf26ebbebf,2.82,3,512,102,
2024-05-31 19:10:06.197,1693fadd-0dee-4688-99a1-9d52eb43d919,3.69,4,512,102,
2024-05-31 19:10:06.183,13d44696-6da7-418a-9236-6895f7ca5edf,2.93,3,512,102,
2024-05-31 19:10:06.165,acbfa98f-75e8-4fdb-8f50-8c90428ee946,12.42,13,512,102,
2024-05-31 19:10:06.163,387f5445-8b17-4ced-a1ff-3e76ee661089,2.91,3,512,103,
2024-05-31 19:10:06.142,7f833b99-daf1-446c-9ad2-c74366e553ea,7.12,8,512,102,
2024-05-31 19:10:06.097,926361f0-de98-4d7a-8d71-1ddb739ee6ac,3.90,4,512,102,
2024-05-31 19:10:06.072,19c6bba3-1d3b-42a7-9c18-bfae6c29eebd,3.31,4,512,102,
2024-05-31 19:10:06.037,d42ce01a-b435-458d-884f-0a8c34ff7e46,2.64,3,512,102,
2024-05-31 19:10:06.036,8d95d955-46e2-4b2f-aa1f-4c41f16f4226,3.20,4,512,103,
2024-05-31 19:10:06.015,10cac171-05ac-43ba-af97-ddf7cfba94d4,3.11,4,512,103,
2024-05-31 19:10:06.007,ab703ead-e1f5-4f36-aa3a-e99c405299cd,2.81,3,512,102,
2024-05-31 19:10:05.978,6b8ac9d5-403d-4da7-9eaf-4e86c5a292ea,3.78,4,512,102,
2024-05-31 19:10:05.922,6d101c61-0d5c-4712-bd3f-e33770bba19f,2.85,3,512,102,
2024-05-31 19:10:05.921,ab57dfe5-69c6-47d7-8600-57f84c67af7e,3.48,4,512,103,
2024-05-31 19:10:05.892,e5957877-a725-41be-a51e-852cc3b926b0,2.71,3,512,103,
2024-05-31 19:10:05.874,b911729e-f6ef-436e-ac17-3a5b26efb1cb,3.00,3,512,103,
2024-05-31 19:10:05.869,09e13a68-8b6e-4688-82cb-769916a43394,3.00,3,512,102,
2024-05-31 19:10:05.826,daf1e275-abba-4f2f-ab8c-9822c70aac23,2.88,3,512,102,
2024-05-31 19:10:05.807,79bb76a1-e48d-483a-afd1-1a8cae580a53,2.88,3,512,102,
2024-05-31 19:10:05.782,60ee8a21-5ab4-47e4-907b-0496215c34f0,2.81,3,512,102,
2024-05-31 19:10:05.749,f1f0a008-d28e-46d3-86f8-851873f9cc30,3.06,4,512,102,
2024-05-31 19:10:05.746,6e715302-728c-4691-a5cf-048643ef544a,2.33,3,512,103,
2024-05-31 19:10:05.734,574bef6d-5536-402d-ade7-2ff1c482b2d2,3.19,4,512,103,
2024-05-31 19:10:05.697,7abb93fd-ced1-4838-b2e1-42dd9a20679c,2.63,3,512,103,
2024-05-31 19:10:05.695,a519a5f6-f503-424d-8f6f-af0df17637fa,3.53,4,512,102,
2024-05-31 19:10:05.645,332333b4-e9de-4f83-b695-007e6d2c2b0f,2.89,3,512,102,
2024-05-31 19:10:05.641,0de69650-4844-4158-bd2b-5ab87baf0d9a,3.23,4,512,103,
2024-05-31 19:10:05.607,155f3a64-5e69-42af-b570-7b20e94e1355,2.68,3,512,103,
2024-05-31 19:10:05.583,33999892-b304-445e-bf2e-0ef2d4364975,2.98,3,512,103,
2024-05-31 19:10:05.579,66571765-2dea-4b79-9f28-a20d0a76276d,3.13,4,512,102,
2024-05-31 19:10:05.547,c73c28a3-1018-406e-9969-1362a8f9dd1e,3.34,4,512,102,
2024-05-31 19:10:05.531,59e37149-0265-4009-9dca-145c36141909,2.98,3,512,102,
2024-05-31 19:10:05.494,ba33e8e1-f911-4962-a7b4-1099eb6c83c0,3.06,4,512,102,
2024-05-31 19:10:05.484,5cfcc9cf-1b33-4562-807d-5b78d62ef0f9,3.20,4,512,102,
2024-05-31 19:10:05.435,688d401b-972f-483f-abd9-a4dbcfb0e63a,3.72,4,512,102,
2024-05-31 19:10:05.428,6c9d5029-cb3d-4a49-a638-8fff4032f2a5,2.88,3,512,103,
2024-05-31 19:10:05.405,0f8b498d-7029-4aad-9bf6-99117901978c,3.00,3,512,103,
2024-05-31 19:10:05.373,2f2ab414-35c7-475c-b8f0-8e47167d2df2,2.99,3,512,103,
2024-05-31 19:10:05.357,a614eb58-9c86-4dfb-9b1d-c59bbeb2a00f,3.31,4,512,103,
2024-05-31 19:10:05.329,476d4f8e-63cb-4e7e-8656-e8ebc1e4c3d3,2.82,3,512,103,
2024-05-31 19:10:05.298,14ce3a45-ba60-458f-b574-c54f84b1541c,3.41,4,512,103,
2024-05-31 19:10:05.297,3853f33f-5653-4e4f-9926-fd71c4d8ba77,3.11,4,512,102,
2024-05-31 19:10:05.295,2050b80f-b242-4d2b-bd0d-56c9298fe672,3.84,4,512,102,
2024-05-31 19:10:05.267,2987f5f2-27d2-4623-a277-4a2b6953e8be,3.42,4,512,102,
2024-05-31 19:10:05.206,d1ed4694-3cb4-4788-b393-e6ffbfb44c41,3.01,4,512,102,
2024-05-31 19:10:05.184,68a3365b-3e92-47f5-9fbe-d5bd952f41f6,2.95,3,512,102,
2024-05-31 19:10:05.160,bfe50903-c472-4383-9b46-5019c7def128,3.05,4,512,102,
2024-05-31 19:10:05.155,8b9fd2db-735c-462f-a5df-2faf13e8c107,2.79,3,512,102,
2024-05-31 19:10:05.138,c2e5f667-75bf-4899-a721-b0eaa27e0cc1,2.79,3,512,102,
2024-05-31 19:10:05.112,c5eae144-004c-4e8d-846c-528bba17e37b,3.04,4,512,102,
2024-05-31 19:10:05.085,dec7aa64-b0d9-45c4-b0d0-38dbc73d857b,2.88,3,512,102,
2024-05-31 19:10:05.056,2edd0f8e-427b-41d8-a6f0-117dc515f389,3.10,4,512,102,
2024-05-31 19:10:05.055,3fa56c3e-e388-4539-add5-a7008cb83100,2.83,3,512,102,
2024-05-31 19:10:05.044,16d047f3-c4e9-4713-a770-30ffe84ec722,3.41,4,512,102,
2024-05-31 19:10:05.038,5d6d6c73-62d7-413f-8a63-6a58394ab279,2.92,3,512,102,
2024-05-31 19:10:05.025,3345249b-0439-410f-92fb-94d828fa4a11,8.12,9,512,102,
2024-05-31 19:10:04.947,56d2f225-6df4-4d1f-94db-456f4dda5314,3.19,4,512,102,
2024-05-31 19:10:04.910,cdda3061-cbd9-4271-b002-f37b382c71cb,3.01,4,512,102,
2024-05-31 19:10:04.891,7c6641a5-9bc2-4cfb-a259-2afd765c1156,3.34,4,512,102,
2024-05-31 19:10:04.870,624a4260-ebba-48db-9b93-c7f7642c76dc,2.91,3,512,102,
2024-05-31 19:10:04.867,e60b614d-4f86-4bd9-8085-99c37fe66154,3.05,4,512,102,
2024-05-31 19:10:04.836,53f25979-a828-4eb4-89f7-63d12218eba1,3.16,4,512,102,
2024-05-31 19:10:04.811,703f7744-7e76-423e-90fc-c3e95c7bf67c,2.93,3,512,102,
2024-05-31 19:10:04.778,977f3cb3-784c-46f6-a634-e1e9d2f354d5,2.73,3,512,102,
2024-05-31 19:10:04.753,55ed2dfa-169f-46b3-9c50-6822417f49e9,3.28,4,512,102,
2024-05-31 19:10:04.726,ae6fcaca-4dba-4147-b38d-9156a74c5c06,2.69,3,512,102,
2024-05-31 19:10:04.718,aee3f013-37f1-4d2b-8f6c-d5dd48dab70c,2.81,3,512,102,
2024-05-31 19:10:04.691,1c090e8f-4557-4e01-8b3b-15c52eb55c33,2.85,3,512,102,
2024-05-31 19:10:04.673,7763d289-c827-48fb-8c09-fd66a8ab3160,2.84,3,512,102,
2024-05-31 19:10:04.639,afd935c7-6760-40c8-8c82-0ff4f4623784,2.98,3,512,102,
2024-05-31 19:10:04.606,3de712e5-1a9a-4a68-9e30-bf9509c9cb1a,2.80,3,512,102,
2024-05-31 19:10:04.590,c0973463-d8f7-4e99-880c-eddeb1d65e1b,2.83,3,512,102,
2024-05-31 19:10:04.546,d91df35a-2ca2-472b-95dd-f2938efc56c7,8.02,9,512,102,
2024-05-31 19:10:04.545,137cf06a-15a9-4c86-8d0e-9012db94a38e,3.03,4,512,102,
2024-05-31 19:10:04.533,cb6c6817-df93-4ae8-9bdf-b705b9f6c209,3.17,4,512,102,
2024-05-31 19:10:04.501,cf14d167-bebe-4b2b-b51e-a6961d39b69f,2.73,3,512,102,
2024-05-31 19:10:04.487,64b989b7-5792-453d-895c-c2ff2e69cac5,7.40,8,512,102,
2024-05-31 19:10:04.470,4b005d1a-cc1d-4dda-bf68-89d0f3cbd016,3.40,4,512,102,
2024-05-31 19:10:04.450,03b65061-0886-4791-a1fb-c3e60d52400a,3.01,4,512,102,
2024-05-31 19:10:04.378,2d62b159-19cb-496e-901f-9c2c5376c0ed,2.80,3,512,102,
2024-05-31 19:10:04.364,e104f6e5-d543-44e8-b381-c3e568c6703b,3.65,4,512,102,
2024-05-31 19:10:04.346,b6c10035-0453-4b37-957d-bd3837750bc0,3.12,4,512,102,
2024-05-31 19:10:04.343,d05e70b5-6c12-4bed-9f73-65590a885711,3.66,4,512,102,
2024-05-31 19:10:04.325,0a7f0a05-c8d9-45d0-83ad-5efca69381e8,2.72,3,512,102,
2024-05-31 19:10:04.276,33dc5eaf-2175-4249-9d21-b0e4da687751,2.69,3,512,102,
2024-05-31 19:10:04.274,83006bf7-e54e-4401-a4ae-c3162810ecd6,2.77,3,512,102,
2024-05-31 19:10:04.204,3b766569-6e62-4d96-b6a8-03df036cd68c,2.96,3,512,102,
2024-05-31 19:10:04.187,47e14459-d2ff-4017-a88a-6b56789e929b,3.01,4,512,102,
2024-05-31 19:10:04.158,9de30574-389d-407f-962c-ea9b9f361ba7,2.93,3,512,102,
2024-05-31 19:10:04.144,61b342f0-768d-4931-b5ed-552cfe83b38c,3.69,4,512,102,
2024-05-31 19:10:04.143,5df82e86-a9f1-4341-b05f-3a47c80ddaef,2.86,3,512,102,
2024-05-31 19:10:04.132,c02cb1f4-fdbe-497a-a887-5ee5bda506c4,3.15,4,512,102,
2024-05-31 19:10:04.107,c89c425e-72d1-408a-853b-83bbc7750e10,2.81,3,512,102,
2024-05-31 19:10:04.043,ae30ab00-ac2c-4515-bef4-0f4af04b39eb,8.61,9,512,102,
2024-05-31 19:10:04.025,a3b37eb1-5c06-4a8b-9181-2b5c5048093f,3.21,4,512,102,
2024-05-31 19:10:04.002,fec048fc-5771-47c0-b7b9-50aa42426b07,3.30,4,512,102,
2024-05-31 19:10:03.974,260135ca-3e2f-4f50-ae30-8202cd2d1e93,2.85,3,512,102,
2024-05-31 19:10:03.963,f96fb1a5-9648-4884-a5ce-65e82b5d0c75,7.42,8,512,102,
2024-05-31 19:10:03.948,d06ce8a4-cb5d-47cb-ad48-d82cd62887ea,2.87,3,512,102,
2024-05-31 19:10:03.942,126b8ce7-a12c-46ab-af57-8d15d479690d,2.83,3,512,102,
2024-05-31 19:10:03.892,c7530217-f6da-41da-8ec3-0204e6cc8dc1,2.71,3,512,102,
2024-05-31 19:10:03.856,74161f85-d64e-4c1e-82ec-9f3294968755,2.88,3,512,102,
2024-05-31 19:10:03.821,71ae56e6-01f9-4c69-90f5-f2019063ba5f,3.21,4,512,102,
2024-05-31 19:10:03.817,6196309b-fa2d-4b50-abad-391391b88cbb,2.87,3,512,102,
2024-05-31 19:10:03.770,43fe29c4-0d02-44c7-bbac-622a36c61da1,3.78,4,512,102,
2024-05-31 19:10:03.770,31c46715-1edb-41cf-8a33-e0efa489886a,2.69,3,512,102,
2024-05-31 19:10:03.743,6c0b7f80-f299-470a-8b94-385de5be6cc7,3.55,4,512,102,
2024-05-31 19:10:03.704,89bbff0e-7dfb-4f31-9e75-c345f01142c0,2.77,3,512,102,
2024-05-31 19:10:03.696,2cda6fc7-73b8-4fa4-ae47-0d462bb64d93,3.02,4,512,102,
2024-05-31 19:10:03.656,afd9962b-743f-457d-a8d3-bebd3738d3ff,3.12,4,512,102,
2024-05-31 19:10:03.631,d7bcba9d-80a0-4964-b338-4ed4bceebcf5,3.22,4,512,102,
2024-05-31 19:10:03.610,ae84d4a9-e0ec-4e8b-a4b1-3f11f594f087,3.21,4,512,102,
2024-05-31 19:10:03.595,fffdf45f-2f60-46d0-a84f-50964b882fea,3.37,4,512,102,
2024-05-31 19:10:03.556,9312ae4d-4c48-4368-a522-dfdf24d038fc,3.26,4,512,102,
2024-05-31 19:10:03.556,ab49fea4-d589-42c4-bc2a-d5bc24c05fdf,2.85,3,512,102,
2024-05-31 19:10:03.518,1d3c90df-dc55-4b43-9d2a-e26d222f478e,3.06,4,512,102,
2024-05-31 19:10:03.500,87c623f7-3b08-49ad-bdd1-e0ff03f495ac,3.08,4,512,102,
2024-05-31 19:10:03.474,6b79b7a1-7825-4ba5-ae01-b3cc60ae147e,2.96,3,512,102,
2024-05-31 19:10:03.465,4aed21d7-321b-49b5-a302-21860140f23c,3.58,4,512,102,
2024-05-31 19:10:03.441,93f72299-2e8d-44ce-a028-6d22f54068d6,3.29,4,512,102,
2024-05-31 19:10:03.370,598bea10-2bf9-4d48-8469-6fc6a12aef13,2.69,3,512,102,
2024-05-31 19:10:03.357,9d80131f-3b6a-43a3-ab05-d55f65e52026,3.02,4,512,102,
2024-05-31 19:10:03.336,b8186ed6-02ab-468a-b4a7-d32edbee3265,3.06,4,512,102,
2024-05-31 19:10:03.283,93cd052f-b49e-4ccc-a9be-5f20c11899de,4.07,5,512,102,
2024-05-31 19:10:03.282,ac15fc40-46a9-49e6-82f9-3bba3da04baa,3.39,4,512,102,
2024-05-31 19:10:03.267,1fe71971-aa55-48e6-bfec-76492f1f3ddd,2.99,3,512,102,
2024-05-31 19:10:03.243,a5dd61e6-c8c0-4c23-8aa0-94ba03e0ca8d,10.34,11,512,102,
2024-05-31 19:10:03.226,4b85a312-7a1a-40a4-9799-d7be1efeef47,3.15,4,512,102,
2024-05-31 19:10:03.154,50eefef7-693c-4e3c-a7cb-1cd647f18225,3.15,4,512,102,
2024-05-31 19:10:03.152,587191ed-8979-4d64-bdcd-9b49e6298e2a,3.98,4,512,101,
2024-05-31 19:10:03.125,faa5d91b-545a-4105-b15c-77ba750aa32f,3.43,4,512,102,
2024-05-31 19:10:03.115,605a6f49-282d-48ca-979f-7bc783e8764f,3.00,3,512,102,
2024-05-31 19:10:03.092,2127fb92-1b0e-48a2-86ff-d34b9a81d585,3.42,4,512,102,
2024-05-31 19:10:03.086,3b21054a-14a4-4e3a-a898-15c72f6a84c8,2.85,3,512,101,
2024-05-31 19:10:03.055,9366fe6c-4f32-4cbc-a1eb-7ae0ce59d75a,2.68,3,512,101,
2024-05-31 19:10:03.037,4e07ea01-0794-47af-bfbe-a979bb970855,2.81,3,512,101,
2024-05-31 19:10:02.989,fee4979a-7b2a-4f08-b8a9-cff3ae519e3d,3.43,4,512,101,
2024-05-31 19:10:02.956,8adf0a48-a459-4ad7-b35f-6622a79fa104,3.93,4,512,101,
2024-05-31 19:10:02.944,bd4eaf4d-bebd-45e6-b0d8-7b540e08cd19,2.71,3,512,101,
2024-05-31 19:10:02.939,ec14855e-2747-4087-8ea9-f5bbae632038,3.51,4,512,102,
2024-05-31 19:10:02.881,6aac05c9-0add-43e0-95f3-47242a39cf92,3.24,4,512,102,
2024-05-31 19:10:02.843,c4951be2-8b15-42ff-892e-f9ffa709ff78,10.99,11,512,102,
2024-05-31 19:10:02.828,4a3813fe-789f-4140-ad17-91c1fb26d57c,3.09,4,512,102,
2024-05-31 19:10:02.790,4058ff6e-890d-4be0-b498-998e961f7ec3,3.17,4,512,102,
2024-05-31 19:10:02.775,db632254-7137-49dd-b997-cc9a982cd181,2.85,3,512,102,
2024-05-31 19:10:02.745,94017912-3078-4988-88a0-56c44d857a6a,2.78,3,512,102,
2024-05-31 19:10:02.710,4a341433-072a-42c3-a63d-4031fd1ee08f,3.47,4,512,102,
2024-05-31 19:10:02.688,f70551ee-46ee-4836-b082-2b59e6bc263d,2.89,3,512,102,
2024-05-31 19:10:02.674,6b3f95c0-2d05-4bc3-9616-688f1a53b192,2.86,3,512,102,
2024-05-31 19:10:02.639,6e797cb7-aa0d-4b31-93ae-343e5f1536b6,3.06,4,512,102,
2024-05-31 19:10:02.614,8a820e24-768b-4620-a7cc-42ec7d9bcd07,3.10,4,512,102,
2024-05-31 19:10:02.614,fdcfd185-c703-4abc-8be2-0e6abb668d9c,3.27,4,512,101,
2024-05-31 19:10:02.564,a0a4edfb-c320-41ec-9ab3-8ba415584682,3.00,4,512,101,
2024-05-31 19:10:02.542,537b22db-b613-403f-9dae-4151b1623701,3.15,4,512,101,
2024-05-31 19:10:02.526,c0b73d5d-0187-4db2-ab4f-697589e8a689,12.32,13,512,101,
2024-05-31 19:10:02.506,fc29c7a7-72c7-4e50-a8bd-00c6e05b4c03,10.74,11,512,101,
2024-05-31 19:10:02.458,4d5753bf-6d80-4770-9af5-1a8d597e58f7,2.66,3,512,101,
2024-05-31 19:10:02.441,a3404953-e929-418b-89d5-95d3cdd5c4bf,3.29,4,512,101,
2024-05-31 19:10:02.404,41757e96-7d4a-4b91-b926-b1c753cc4ee1,2.94,3,512,101,
2024-05-31 19:10:02.353,0c2f98ab-f65d-4594-82b8-5e87cabd9c3e,3.00,4,512,102,
2024-05-31 19:10:02.353,94b00bcd-255c-4c70-b1ba-5d4fb8710e72,3.48,4,512,101,
2024-05-31 19:10:02.347,60fe9c0f-2781-41c4-bca1-e9fae574b63d,3.29,4,512,103,
2024-05-31 19:10:02.296,c0b34ea0-42f8-4253-a8c1-79e803995915,2.74,3,512,103,
2024-05-31 19:10:02.271,aef9e53f-8504-4522-80ed-7793efe00ac3,2.64,3,512,103,
2024-05-31 19:10:02.250,8a4f5287-e9ad-41cb-94e6-b2a604440b17,2.69,3,512,103,
2024-05-31 19:10:02.244,02fb4565-0b75-4b11-9e86-d54f4d70eb09,21.32,22,512,102,
2024-05-31 19:10:02.184,ada97eaf-59fb-4c99-8a13-715a1d32cbc0,3.06,4,512,102,
2024-05-31 19:10:02.156,fd007925-b100-477e-8fcd-2ad7ce6bc48f,4.46,5,512,102,
2024-05-31 19:10:02.153,815bb406-fa4c-4719-96cd-815008eca0db,2.69,3,512,103,
2024-05-31 19:10:02.102,0cea7a8e-330c-421a-947c-e3c7be1e3b6d,2.74,3,512,103,
2024-05-31 19:10:02.098,7b4b1ad3-f5d3-4242-a757-81ffa7dd8876,3.14,4,512,102,
2024-05-31 19:10:02.036,a08f257b-460a-4a08-a09f-060b14785687,2.70,3,512,102,
2024-05-31 19:10:02.019,418fd8e6-50d3-402d-aca3-e71823df2cd9,3.28,4,512,102,
2024-05-31 19:10:02.001,25f65074-1977-4754-8047-3b367607ad95,3.66,4,512,102,
2024-05-31 19:10:01.965,d88580d7-a91f-4b20-9f44-d5c41dd8a3ea,2.67,3,512,102,
2024-05-31 19:10:01.956,a80c5366-ac9e-4b56-9268-07889dc6bbda,4.59,5,512,102,
2024-05-31 19:10:01.945,fcddccfb-46b2-4eff-a5cf-a18d42e2e255,3.31,4,512,102,
2024-05-31 19:10:01.901,85d20620-9e5f-4568-881c-00b6b4d63660,3.38,4,512,102,
2024-05-31 19:10:01.824,0f3b27a2-2fe1-4ade-81ef-ab4ecd5753eb,2.84,3,512,102,
2024-05-31 19:10:01.822,521fe904-586b-4d94-91d7-2ac0f8402b5b,3.07,4,512,103,
2024-05-31 19:10:01.795,1e22f6b1-336f-4ab6-902e-6fa2b28f6bcb,3.08,4,512,103,
2024-05-31 19:10:01.773,3bae1c88-6921-4e8b-9b10-13725935ef24,2.94,3,512,103,
2024-05-31 19:10:01.758,431d5f15-032b-4c3e-ac87-aebfb8e936de,3.04,4,512,103,
2024-05-31 19:10:01.738,2c517c45-cbb0-420a-9658-1bbbd4d03bc8,3.28,4,512,103,
2024-05-31 19:10:01.719,9f587124-2a02-45ee-b584-9c424ee9a69b,2.70,3,512,103,
2024-05-31 19:10:01.664,e7fc7334-de80-42b5-9f4f-f5391d99c15d,2.73,3,512,103,
2024-05-31 19:10:01.647,89bd8cb7-c8aa-4d70-b52f-f809adf4056e,3.00,3,512,103,
2024-05-31 19:10:01.625,36913fe6-428c-4887-ab89-e2849d8332ea,3.37,4,512,103,
2024-05-31 19:10:01.610,8373d96a-bfd7-4d96-b17a-a81c78282f59,3.28,4,512,103,
2024-05-31 19:10:01.545,515d6977-202f-4179-931a-8d21872baf55,2.76,3,512,103,
2024-05-31 19:10:01.507,16c114d4-625f-4ccd-b6b8-1d88aadd58c2,4.35,5,512,103,
2024-05-31 19:10:01.495,7c1d8178-6424-4fa6-86b8-3ee0736c8b83,2.69,3,512,103,
2024-05-31 19:10:01.493,c690b2ea-d7bf-4c1e-91bd-0455cedddcb7,3.93,4,512,102,
2024-05-31 19:10:01.450,f3df6130-db0c-4c00-ad61-8ff051507d5d,4.53,5,512,102,
2024-05-31 19:10:01.450,f22cf626-7852-4854-a733-28066a84a22b,4.80,5,512,103,
2024-05-31 19:10:01.410,34d40043-6a7a-47fe-b13e-079bafd303e6,2.74,3,512,103,
2024-05-31 19:10:01.335,144aefa0-1a71-4eaf-ba16-78a083ef1ee7,3.68,4,512,103,
2024-05-31 19:10:01.301,8138618d-cf70-4209-b652-bcf695d839f1,15.34,16,512,103,
2024-05-31 19:10:01.286,f9b87e02-7d1c-4574-a9a7-70aaa1178e18,3.52,4,512,102,
2024-05-31 19:10:01.263,56f1029c-1115-489f-b5e5-b7d9528f1e23,5.57,6,512,102,
2024-05-31 19:10:01.249,8e725607-17a8-406c-a559-3bcd21c52f3b,2.93,3,512,102,
2024-05-31 19:10:01.248,69bbcac1-2631-4bd7-bb15-87fa2c1d8fd4,2.65,3,512,103,
2024-05-31 19:10:01.207,10f7707c-8edd-4ae6-bed1-972222bfb428,3.10,4,512,103,
2024-05-31 19:10:01.158,d65aa5f5-a84c-4e5b-a14a-f819de0109ca,2.98,3,512,103,
2024-05-31 19:10:01.106,6f9466d3-7366-4a11-8cf9-e04005e65f9f,3.02,4,512,103,
2024-05-31 19:10:01.096,23b445d3-cd08-4ea0-b6d3-a169c21f3cbf,3.09,4,512,103,
2024-05-31 19:10:01.061,dac9b809-7db9-497e-befd-f7951f9d410f,3.67,4,512,103,
2024-05-31 19:10:01.037,b7e6ca5a-7bd4-41c7-9653-316bd7660742,2.72,3,512,103,
2024-05-31 19:10:01.016,192936d7-c4c0-467b-9027-96523d42c84d,2.78,3,512,103,
2024-05-31 19:10:01.009,78496afc-6ef3-414c-b10e-72d3a6b26e27,2.81,3,512,103,
2024-05-31 19:10:00.948,89e533bc-0550-4d3f-88d0-79c3d61ecc1c,2.97,3,512,103,
2024-05-31 19:10:00.902,f3421f6d-7db3-4b82-9eab-c0c7b01cf3d7,2.71,3,512,103,
2024-05-31 19:10:00.897,0726aa19-40c4-4b81-a628-fd97ea339bea,2.97,3,512,102,
2024-05-31 19:10:00.850,8dc0758f-28b9-43d3-ac3c-5a2801bcc9b6,3.27,4,512,102,
2024-05-31 19:10:00.839,f82b7b69-dd51-44d9-ac1a-6c47f118b6bf,3.15,4,512,102,
2024-05-31 19:10:00.808,f9fd828c-3056-4a3c-ac05-0d93db4c04f5,2.76,3,512,102,
2024-05-31 19:10:00.748,6663f234-9645-42f0-a296-7cfb7de851b0,3.12,4,512,103,
2024-05-31 19:10:00.746,af729f71-d32f-4fd5-b45e-74b62f7afb5c,4.43,5,512,102,
2024-05-31 19:10:00.702,22bded35-f77a-41e7-936a-628384ae489b,3.33,4,512,102,
2024-05-31 19:10:00.701,7df72749-5557-453a-beea-357e4fc1488e,2.89,3,512,103,
2024-05-31 19:10:00.646,a1927f63-7761-4d8f-adc7-7340d22ed0dd,3.37,4,512,102,
2024-05-31 19:10:00.644,15315379-95ef-4b9b-933c-95f980fa16a5,3.04,4,512,103,
2024-05-31 19:10:00.605,4e8c3ade-2b75-4c66-a71e-5685d3011713,2.88,3,512,103,
2024-05-31 19:10:00.545,31f7f95c-0ecb-461a-a09f-909983281016,3.05,4,512,103,
2024-05-31 19:10:00.508,7c42914a-cdab-4584-bc3b-539b6a2b6890,3.09,4,512,103,
2024-05-31 19:10:00.487,8a081185-262a-4311-9773-92956770574d,3.23,4,512,103,
2024-05-31 19:10:00.453,6521ac5a-10e4-4881-94bc-e78c5c1f97c2,3.31,4,512,103,
2024-05-31 19:10:00.446,9a72746e-0b0e-4d89-a6eb-84803f4e1ded,3.06,4,512,102,
2024-05-31 19:10:00.427,eadfb23e-0249-44eb-a17e-1f5854b613f9,3.98,4,512,102,
2024-05-31 19:10:00.394,356aa475-21cf-4535-b836-7adac9b824ee,3.98,4,512,102,
2024-05-31 19:10:00.348,93a3b0c8-0b84-4b9c-b3d8-155342ef6cc4,2.82,3,512,102,
2024-05-31 19:10:00.303,6e4fc3d3-817c-457b-bc4f-b7bb374db8cb,3.44,4,512,102,
2024-05-31 19:10:00.284,fdf12c96-0e76-4fdd-b3ef-42d42b365c56,3.02,4,512,102,
2024-05-31 19:10:00.265,11e77cf3-c356-4ebd-8d48-2f5d59228d06,3.30,4,512,102,
2024-05-31 19:10:00.210,e88d67f6-cab6-44da-bd31-1bb8342bbe14,3.52,4,512,102,
2024-05-31 19:10:00.209,8194f8ef-b2d5-446d-869d-78bda786b675,3.04,4,512,103,
2024-05-31 19:10:00.150,8d365856-6ead-447d-adaa-6b76b7cd3071,3.00,4,512,102,
2024-05-31 19:10:00.149,c385ea00-e1dd-4304-9fef-8e6a5573fd17,3.47,4,512,103,
2024-05-31 19:10:00.096,9e3f9fe2-7dda-4f67-956a-8f0bfa39d2bf,3.19,4,512,103,
2024-05-31 19:10:00.037,be17d150-80d9-42cf-81ca-46f3e5e3d11e,3.02,4,512,103,
2024-05-31 19:10:00.013,782df8ee-1dde-41d3-8734-314a311b2de1,3.05,4,512,103,
2024-05-31 19:10:00.007,cbe28ba1-26a6-4d5d-90ec-06478bbfaa50,3.38,4,512,102,
2024-05-31 19:09:59.948,89c03e9a-e08e-4bd9-990f-2cd89a87295d,3.06,4,512,102,
2024-05-31 19:09:59.947,50af8ce0-40a3-4cc6-ad7d-638702e88f46,3.59,4,512,103,
2024-05-31 19:09:59.895,5e543805-5f2b-4fc4-8fe4-b16da345b3a5,2.68,3,512,103,
2024-05-31 19:09:59.892,0f2b1bca-759d-4446-b133-b9eec2d2044e,3.52,4,512,102,
2024-05-31 19:09:59.838,83d6f203-ae40-4304-b758-7a08ced6ee7f,3.00,3,512,102,
2024-05-31 19:09:59.812,1db61adf-7267-4bc1-9e68-9616e827a022,2.96,3,512,102,
2024-05-31 19:09:59.742,c0d7bf81-4fc2-41f2-b9dc-d9342c6a4fff,3.02,4,512,102,
2024-05-31 19:09:59.736,6cbc8e56-ad83-4e02-b72f-5c881fd42e11,3.05,4,512,103,
2024-05-31 19:09:59.691,03da0130-b0e1-4d81-a1ff-dccf8eb425b3,2.69,3,512,103,
2024-05-31 19:09:59.688,d842e68c-c8f8-42f9-884b-77c851483433,3.35,4,512,102,
2024-05-31 19:09:59.670,bd4afc30-c198-44b7-8597-f635e967eafb,3.03,4,512,102,
2024-05-31 19:09:59.660,52eda472-f9aa-4cea-b80f-580e4dcedffd,2.88,3,512,102,
2024-05-31 19:09:59.628,eed1488a-79ec-4f2b-9d73-99fb0831f613,3.26,4,512,102,
2024-05-31 19:09:59.581,7cfa0d9d-872f-40c6-849a-1e5d1d19e079,3.03,4,512,102,
2024-05-31 19:09:59.505,45f6d27b-1b0a-4ddd-af1b-646403e57872,3.12,4,512,102,
2024-05-31 19:09:59.501,e6bc6cde-a869-412f-8cc0-ee3d17af6972,2.80,3,512,103,
2024-05-31 19:09:59.448,1f8f60a3-8704-4afe-83c7-eac7e693af5c,2.72,3,512,103,
2024-05-31 19:09:59.443,3e3fb9e2-0a6a-4774-85ef-e05428c878e0,3.26,4,512,102,
2024-05-31 19:09:59.390,712f0158-cfca-4827-bec2-5c655f56b8b7,3.26,4,512,102,
2024-05-31 19:09:59.359,6585c6e1-48ba-4b9a-bc72-4caab560f3ac,3.57,4,512,102,
2024-05-31 19:09:59.297,6a48746c-2dbe-473f-9e9e-2b38c93f2732,3.33,4,512,102,
2024-05-31 19:09:59.296,32e6c592-ca72-4ab5-a36e-3e2fa446abd3,2.68,3,512,103,
2024-05-31 19:09:59.249,ab6beb73-bb12-41da-8bc5-1381f570aa0c,3.03,4,512,102,
2024-05-31 19:09:59.246,b33ac677-370f-4390-a11f-80fbc4e54756,3.47,4,512,103,
2024-05-31 19:09:59.191,e83d3b81-43f8-4d8c-9b86-1bc9d45c3bf3,3.16,4,512,103,
2024-05-31 19:09:59.143,245c1948-e00b-402b-ba78-46e9b352aa43,2.99,3,512,103,
2024-05-31 19:09:59.105,b10d972a-117d-45e2-8e33-a0e0289715d1,2.95,3,512,103,
2024-05-31 19:09:59.102,7a3bb1a3-5bb4-4612-83f2-d727f3b68088,2.82,3,512,102,
2024-05-31 19:09:59.043,0595cdad-7dc6-45f1-b0be-faa069cfd937,3.74,4,512,102,
2024-05-31 19:09:59.040,60a298a9-c608-4ce3-9f0d-2bad9e3f5509,2.71,3,512,103,
2024-05-31 19:09:58.995,06f68549-4abc-4056-a619-411a2d1b3555,2.80,3,512,103,
2024-05-31 19:09:58.939,58b7bdb2-457c-471d-be20-f345695d77a4,3.55,4,512,103,
2024-05-31 19:09:58.905,ed034c9a-f761-47a8-967f-bf2a19ed6979,2.94,3,512,103,
2024-05-31 19:09:58.893,f3d57803-9a62-44d8-b134-e61adfdfddfe,2.70,3,512,103,
2024-05-31 19:09:58.876,6cd8fa05-6d2a-42bf-8db2-df41a46571fc,3.14,4,512,103,
2024-05-31 19:09:58.845,b00eb861-8764-447d-911d-1555bf59211e,3.11,4,512,103,
2024-05-31 19:09:58.791,4dbca49e-3f46-4895-902c-65cf128f155c,2.77,3,512,103,
2024-05-31 19:09:58.724,86448b4b-c768-4712-8b8f-21de5f8fb932,2.83,3,512,103,
2024-05-31 19:09:58.684,8ca84a70-19d4-40e0-a0d7-9dc0f39e12f6,3.03,4,512,103,
2024-05-31 19:09:58.680,a6a21a98-aa45-49c6-8fa1-626fdc6e43be,2.81,3,512,102,
2024-05-31 19:09:58.644,35ccf2d8-b269-4f54-9faa-c235dcee533e,2.67,3,512,102,
2024-05-31 19:09:58.628,4e0f4023-2ec4-4ce5-83e6-1f3122e27f2d,3.06,4,512,102,
2024-05-31 19:09:58.594,3b9e3e42-cdec-41dd-96b5-0e59365fba9b,3.15,4,512,102,
2024-05-31 19:09:58.548,4cc3acfd-8f96-404b-8e2e-6a8c1657f8ae,2.77,3,512,102,
2024-05-31 19:09:58.503,a3ad11f0-a729-4530-a7a7-289cbe88f417,3.23,4,512,102,
2024-05-31 19:09:58.479,1e285a9d-565c-42b9-81a5-24c2ce2ac6bf,2.80,3,512,102,
2024-05-31 19:09:58.428,be2fd145-3d71-48cc-a826-b490a118f11c,2.85,3,512,102,
2024-05-31 19:09:58.424,0659d58f-5689-4d25-81e4-339bcfee796a,2.79,3,512,103,
2024-05-31 19:09:58.378,e2a98bbd-971d-4a35-bcb1-5756edc29c3e,3.25,4,512,103,
2024-05-31 19:09:58.338,ce3307a7-ce85-4810-9c7d-76a422c49a90,3.05,4,512,103,
2024-05-31 19:09:58.287,0a909938-f797-45af-96a7-7818003cbbb6,3.09,4,512,103,
2024-05-31 19:09:58.281,54744704-da29-446f-a2a9-684bc51d9a3c,3.06,4,512,102,
2024-05-31 19:09:58.252,5ee9f74b-57e4-4e04-ba33-21d599a895eb,3.13,4,512,102,
2024-05-31 19:09:58.232,6312be2e-4c11-44d1-930b-23094ebe7841,3.21,4,512,102,
2024-05-31 19:09:58.179,cd2b5cdd-693e-49a2-b367-d910e8307122,3.12,4,512,102,
2024-05-31 19:09:58.123,33865580-516a-47f3-a878-86bb1b6471d7,3.38,4,512,102,
2024-05-31 19:09:58.084,f7a3658d-607d-4e73-9259-73fb1a78b979,4.02,5,512,103,
2024-05-31 19:09:58.083,b154db62-4547-4786-8c74-ae4248e7b5d3,2.96,3,512,102,
2024-05-31 19:09:58.031,e7d5f558-d392-46c0-bcf7-35262cb6a702,2.73,3,512,103,
2024-05-31 19:09:58.031,47f19f9e-83ce-44f3-a698-d845ab520511,3.15,4,512,102,
2024-05-31 19:09:57.981,5e2c2094-9efe-45aa-8d44-d839082585fc,3.30,4,512,102,
2024-05-31 19:09:57.927,db6ddbec-9bc4-4ffb-a798-0f13dfcaed47,3.22,4,512,102,
2024-05-31 19:09:57.880,1870465a-caf3-45df-ad54-93718f763d78,3.13,4,512,102,
2024-05-31 19:09:57.875,9e390d30-add7-426d-a6e0-c562ee17ba48,3.20,4,512,103,
2024-05-31 19:09:57.843,836b6d36-8a87-413f-bf7c-0e6d3833dab0,3.15,4,512,103,
2024-05-31 19:09:57.831,7bf61f7b-f6fa-4e82-ac73-682e8a2c63f2,3.29,4,512,103,
2024-05-31 19:09:57.802,6676c97a-6e6b-4fb1-8a72-7bb30fce47a8,2.93,3,512,103,
2024-05-31 19:09:57.733,0766d689-f3f3-4a8b-9ed9-2b731bbd5f11,3.87,4,512,103,
2024-05-31 19:09:57.685,d5d47baa-1b12-4251-8379-c9539e4adf74,3.36,4,512,103,
2024-05-31 19:09:57.679,80deeec1-2160-4d6b-81ef-deaf5d23bcf9,3.59,4,512,102,
2024-05-31 19:09:57.643,785c9f37-b5dd-4c48-898b-61daaaba6760,5.37,6,512,102,
2024-05-31 19:09:57.627,2627ab9a-e37c-408d-9c28-09d77d3b2d6b,2.83,3,512,102,
2024-05-31 19:09:57.598,0d55743e-f5e5-4c95-a020-aa4ef3efd02c,3.49,4,512,102,
2024-05-31 19:09:57.531,f2159ae5-3722-4b47-9ecc-7fe7b598ce2a,3.31,4,512,102,
2024-05-31 19:09:57.485,9620c24b-b6b9-4a35-a6cb-1b5f6d3bc6fb,3.01,4,512,102,
2024-05-31 19:09:57.480,8e1e3dc0-b215-4451-8e01-048d25d592a8,2.98,3,512,103,
2024-05-31 19:09:57.430,6501ea05-f7a2-48b7-b4c3-d20c053cd455,3.15,4,512,103,
2024-05-31 19:09:57.427,cd59d582-eeb5-40a6-903d-2c01943a9249,2.65,3,512,102,
2024-05-31 19:09:57.382,2b4870e0-e347-44ce-a955-55671bd8f8f3,3.03,4,512,102,
2024-05-31 19:09:57.349,c5481ec7-fd16-40fe-9b1b-6cb0a9e3565b,2.89,3,512,102,
2024-05-31 19:09:57.279,6ba57e9e-c1ca-4c80-a2bc-b5083040ada3,2.75,3,512,103,
2024-05-31 19:09:57.279,37e0b640-8c12-4072-be2d-a7c7c87a9ae2,3.29,4,512,102,
2024-05-31 19:09:57.250,3ada6b5d-bc4c-4f87-82fa-80e52a25b0b9,2.98,3,512,102,
2024-05-31 19:09:57.233,da88744d-2078-4cba-9cda-b4a4cc43e030,3.50,4,512,102,
2024-05-31 19:09:57.182,00d136f8-494a-4995-b0e3-89ec9f80940f,3.17,4,512,102,
2024-05-31 19:09:57.124,c85eae80-81e3-41db-8c55-e2db4390684c,2.68,3,512,102,
2024-05-31 19:09:57.103,ed311dad-3e04-44a0-8cac-61ed486bafc6,3.09,4,512,102,
2024-05-31 19:09:57.083,f5599569-d7cf-4d11-9aad-2c12c10dde52,2.75,3,512,102,
2024-05-31 19:09:57.029,92e8641e-8e37-40f6-b291-8850534b86b9,3.20,4,512,102,
2024-05-31 19:09:57.027,5d582a3d-65ae-47bf-a4e0-9075f13de619,3.62,4,512,103,
2024-05-31 19:09:57.010,7dc2c1b3-95ae-4f74-9c76-43b1c4be7af0,3.09,4,512,103,
2024-05-31 19:09:56.929,1bfffc81-142a-477c-a9b0-18acf7a5d6d6,3.14,4,512,103,
2024-05-31 19:09:56.896,ce284271-e7bf-48d0-b180-0f5a029269c6,3.12,4,512,103,
2024-05-31 19:09:56.874,b7d9a9cf-85d0-4d82-8d24-1fba62b50f21,2.84,3,512,103,
2024-05-31 19:09:56.846,23aae8da-5be5-4230-b50e-06db38a438d1,3.00,3,512,103,
2024-05-31 19:09:56.829,2ce1b7b0-3610-40e7-b2d8-fcdb9ab82c7e,3.33,4,512,103,
2024-05-31 19:09:56.778,d94fe0ed-628f-48fe-9214-3ef3b29415a4,2.79,3,512,103,
2024-05-31 19:09:56.733,00087e75-48ca-48d5-b00a-a5e14c17ba45,3.08,4,512,103,
2024-05-31 19:09:56.704,44a0a4b1-df50-43e8-a7c2-9c70fe46a7f0,2.68,3,512,103,
2024-05-31 19:09:56.683,f4898597-be22-477a-9074-64c6b5174cdd,2.57,3,512,103,
2024-05-31 19:09:56.635,684680ef-f1ca-4b55-8a07-4bc425ba4396,2.88,3,512,103,
2024-05-31 19:09:56.630,cbb8e74e-3fcb-468b-9ad0-0db8991876db,2.98,3,512,102,
2024-05-31 19:09:56.595,e1adc661-d9d0-4644-b718-c6f9507a9c0e,3.73,4,512,102,
2024-05-31 19:09:56.548,a150c619-a916-4e29-8548-1cba2a9504d4,3.43,4,512,102,
2024-05-31 19:09:56.482,0f69ea2e-49ea-4a5a-8cf2-20a2b8236fab,3.13,4,512,102,
2024-05-31 19:09:56.480,145efd66-1531-4c95-a5b6-d33692e8fb91,3.69,4,512,103,
2024-05-31 19:09:56.433,3e776f28-28f5-4594-b4a1-550e0dfd6e79,3.09,4,512,103,
2024-05-31 19:09:56.428,ccb99f6e-0eb5-4a09-bc61-d57d0ae4d05f,2.73,3,512,102,
2024-05-31 19:09:56.378,c83533a0-48bf-4bc0-af44-b92b1c6a1e41,3.11,4,512,102,
2024-05-31 19:09:56.347,1706c840-47c3-4a6e-842d-145cf06147f1,2.83,3,512,102,
2024-05-31 19:09:56.302,f813cf99-c15d-4ef1-ab37-c61924000d8c,2.94,3,512,102,
2024-05-31 19:09:56.279,79b7c6e7-dbd2-4f7d-9de1-227dfb6a53a3,3.49,4,512,102,
2024-05-31 19:09:56.232,1ada16b5-b3ee-4849-aaaa-06cfa0dde6df,4.11,5,512,102,
2024-05-31 19:09:56.229,2d60ca5c-c3f6-4a60-8214-c6e9b516d0e6,2.55,3,512,103,
2024-05-31 19:09:56.190,3dd4bc07-e5d6-482f-b6d5-81f6dcaaf4fd,3.14,4,512,103,
2024-05-31 19:09:56.126,00c189d3-c096-484f-a377-debb1d0ee117,2.84,3,512,103,
2024-05-31 19:09:56.102,fe02fc79-5cd1-40ff-a474-44db0b7544bc,2.65,3,512,103,
2024-05-31 19:09:56.083,5d82fcf1-d456-438a-a2b6-3c14c2f40233,2.66,3,512,103,
2024-05-31 19:09:56.045,719a7ee2-efff-4ca4-9b09-4ddfcee85e4f,3.02,4,512,103,
2024-05-31 19:09:56.037,a44ec8bd-1cf6-432a-b519-b538213264aa,2.96,3,512,103,
2024-05-31 19:09:55.993,51ac5da1-7dae-4d3b-95af-0f83411624d1,3.21,4,512,103,
2024-05-31 19:09:55.932,ab17592d-4e69-4d25-bb7d-3d5ce6fe8cca,3.33,4,512,103,
2024-05-31 19:09:55.877,295daf42-fa07-415d-a43d-bf664b74a965,2.70,3,512,103,
2024-05-31 19:09:55.876,3ae5dbc6-1bf4-46c2-8faa-546e5b057bf5,2.74,3,512,102,
2024-05-31 19:09:55.844,b13bd2b3-dbe2-472c-9b79-6bdf1c7ed01d,2.90,3,512,102,
2024-05-31 19:09:55.826,1d975eee-6d67-41fe-9752-6e2b16898444,3.76,4,512,102,
2024-05-31 19:09:55.784,0c74d339-3cfa-4b78-b678-3fa8fdb372bc,2.85,3,512,102,
2024-05-31 19:09:55.733,124e1fd1-d4d1-44a9-95d5-9c9fa1e8b146,3.18,4,512,102,
2024-05-31 19:09:55.706,fd67eb3f-9290-4e0c-9019-89c95e7b362e,3.26,4,512,102,
2024-05-31 19:09:55.681,d160bae7-9b09-4101-bd41-89eb07e6d117,2.88,3,512,102,
2024-05-31 19:09:55.641,c2393f46-bcab-441e-884f-4216104ca157,2.73,3,512,102,
2024-05-31 19:09:55.635,a3f6635e-629c-46a5-9f9d-645c47f49f55,2.97,3,512,103,
2024-05-31 19:09:55.599,1dab1105-41d0-4e33-8f25-f622c3cb5ef7,3.04,4,512,103,
2024-05-31 19:09:55.529,2eb473fc-5f01-4afc-a061-c72aa2bb3d29,2.81,3,512,103,
2024-05-31 19:09:55.481,972b6fc8-5b2b-4273-bd4b-2192ae00a658,2.75,3,512,103,
2024-05-31 19:09:55.477,db633240-e81e-4457-9e0d-2ef549278a0d,2.79,3,512,102,
2024-05-31 19:09:55.428,8184162a-1b97-43a2-abe7-26e4e0bc51ca,2.95,3,512,102,
2024-05-31 19:09:55.427,05b5de5b-b680-4418-a049-1900b29c82e0,2.84,3,512,103,
2024-05-31 19:09:55.381,15dcccc1-17b7-43d9-a504-99d5d4801b6e,2.81,3,512,103,
2024-05-31 19:09:55.342,4da0dcc0-4027-4a00-8c75-ae45bd1a409d,3.02,4,512,103,
2024-05-31 19:09:55.276,d56363d6-d4dd-4e2d-8963-b78fb776a792,3.46,4,512,103,
2024-05-31 19:09:55.275,2b101e32-fd7f-4704-b4c0-4ca740c99a6a,3.02,4,512,102,
2024-05-31 19:09:55.229,d579c77c-0ee0-4c1c-8796-0bdf5864ecc8,2.83,3,512,103,
2024-05-31 19:09:55.228,9ab216b3-c528-4cbf-8096-3ca6fde8a136,3.32,4,512,102,
2024-05-31 19:09:55.199,3f80d0f1-5188-42f6-8aa4-41a172743f53,3.02,4,512,103,
2024-05-31 19:09:55.131,16470ae8-cd15-42fc-8aaa-d0e2d66455e3,3.26,4,512,103,
2024-05-31 19:09:55.091,4a916738-31dc-4c05-bce4-acdd1fd080cc,2.73,3,512,103,
2024-05-31 19:09:55.089,b83281b9-247d-41fb-a3ac-c39d0e0a00a4,3.70,4,512,102,
2024-05-31 19:09:55.055,44892340-2581-440d-ac82-78d7797629d6,3.24,4,512,102,
2024-05-31 19:09:55.028,a599b79b-28f8-4098-9ad2-59d9c90d969a,2.92,3,512,102,
2024-05-31 19:09:54.998,9312b744-2b1c-4998-8256-56e0f573a29b,3.00,4,512,102,
2024-05-31 19:09:54.933,e06cb85d-c94f-428c-ab4f-4e1a5a1a5a95,3.42,4,512,102,
2024-05-31 19:09:54.879,4e53ffa7-e3f7-43a2-946c-da06635411e5,3.55,4,512,102,
2024-05-31 19:09:54.877,2227968d-dcdf-4473-bf6a-beebdea7b882,3.73,4,512,103,
2024-05-31 19:09:54.843,40b1707b-af05-4835-ad93-e4e5f8a37b06,3.28,4,512,103,
2024-05-31 19:09:54.824,4a66fa9d-16f8-433c-8fd2-cca5d33384a0,3.10,4,512,103,
2024-05-31 19:09:54.776,c606154d-49e6-489a-96bb-891348eed936,2.87,3,512,103,
2024-05-31 19:09:54.727,00e3007c-7540-4bb9-8b39-274c5f8cfb80,2.65,3,512,103,
2024-05-31 19:09:54.689,0bbc91d1-2f6c-42ba-acbd-940432478ae2,2.79,3,512,103,
2024-05-31 19:09:54.687,0a2cc764-7790-4cb3-be66-c4b5a536f34d,3.46,4,512,102,
2024-05-31 19:09:54.635,48e2bab8-f04f-4927-a110-f2840e843080,2.99,3,512,102,
2024-05-31 19:09:54.630,5ce86262-9acc-45d5-a8ff-683212a06454,3.52,4,512,103,
2024-05-31 19:09:54.594,357eb1a3-b58f-413d-b901-a5640d1c9945,2.92,3,512,103,
2024-05-31 19:09:54.531,72740dc0-e594-4c11-be1d-442d89ed93bc,4.01,5,512,103,
2024-05-31 19:09:54.483,098abcff-4f1d-454f-b91b-e525c5fd0856,2.64,3,512,103,
2024-05-31 19:09:54.475,80c34fd4-4ddc-49d7-99eb-1dadfcb3d70e,2.98,3,512,103,
2024-05-31 19:09:54.432,9785e3b8-2ac3-4c84-b48a-a643002c6b37,2.86,3,512,103,
2024-05-31 19:09:54.431,767ffd6a-5b40-4d1c-a9c0-4a0652ded3e1,3.97,4,512,102,
2024-05-31 19:09:54.384,5a0aeeae-8a78-47a2-8337-8741bd2d4497,3.71,4,512,102,
2024-05-31 19:09:54.345,0873df14-270e-4e10-9dda-9587aeda7ed8,2.89,3,512,102,
2024-05-31 19:09:54.283,791f5985-d59a-4abd-8e7b-ba05df627a41,2.74,3,512,102,
2024-05-31 19:09:54.283,3196fc07-d66d-41a2-9c34-33e4bc7c11b2,2.72,3,512,103,
2024-05-31 19:09:54.223,d154b5b3-b6b3-4245-aac9-0edf071eb35b,3.09,4,512,102,
2024-05-31 19:09:54.222,71f0884f-2274-4f48-8593-fa543e81a9c7,3.79,4,512,103,
2024-05-31 19:09:54.179,7a0d254a-2e01-4752-b84e-256dc4f2b613,3.20,4,512,103,
2024-05-31 19:09:54.125,a5f4eff5-8d6d-46cd-9e08-d86ebd65fce6,3.97,4,512,103,
2024-05-31 19:09:54.087,0fdad1fc-49a9-4c66-8965-49e0f7f159e8,3.29,4,512,103,
2024-05-31 19:09:54.079,face4081-02ed-45de-8b5e-249baaadb414,2.93,3,512,102,
2024-05-31 19:09:54.049,5470a203-e09e-46c9-b549-6d467e5beb90,2.77,3,512,102,
2024-05-31 19:09:54.031,7b76cd43-4eb6-4915-ad8d-3bc47a037c0f,3.02,4,512,102,
2024-05-31 19:09:53.984,7c6993f7-4b82-4b6f-aba4-5d3d8a64d1fd,3.15,4,512,102,
2024-05-31 19:09:53.933,83dde5d1-2c5c-4b6f-a0cd-0f9fad883fd8,2.62,3,512,102,
2024-05-31 19:09:53.880,c194137e-8f7e-4ae5-9c27-09f752da3f34,3.21,4,512,102,
2024-05-31 19:09:53.877,6e78c407-4e55-4f35-9e94-a8f1833d4ef8,2.90,3,512,103,
2024-05-31 19:09:53.843,4ac3e596-39ac-45fb-a493-e07cee996aef,2.75,3,512,103,
2024-05-31 19:09:53.829,36e16f44-21c0-49fe-9c00-85fd1631c57a,3.43,4,512,103,
2024-05-31 19:09:53.784,c72257fe-fbfc-4492-8342-73dea460782a,3.09,4,512,103,
2024-05-31 19:09:53.732,17f37276-1825-47e3-81e9-4d3b7ca82f27,2.81,3,512,103,
2024-05-31 19:09:53.683,52221703-a314-40d0-90f8-9e11e3dc25fc,3.48,4,512,103,
2024-05-31 19:09:53.682,ef7fc932-d0f1-454f-9b46-13c88968a3a3,3.99,4,512,102,
2024-05-31 19:09:53.628,0662946e-a4c3-4c6a-9f8a-ac2e356742cb,2.92,3,512,102,
2024-05-31 19:09:53.622,ebe33814-695c-4c3a-af1f-436ecaae19fa,2.58,3,512,103,
2024-05-31 19:09:53.593,d6360d70-c8b1-4d10-84b7-8c5bf68b8036,2.92,3,512,103,
2024-05-31 19:09:53.550,76d41232-8357-4f5c-94c0-23b1207bcdd4,3.61,4,512,103,
2024-05-31 19:09:53.487,7c68c1ef-05f9-4ed0-859f-8d92da3acc6d,2.67,3,512,103,
2024-05-31 19:09:53.480,478e2725-29ea-4202-ab71-c8854e8259cb,3.25,4,512,103,
2024-05-31 19:09:53.451,45afb6ac-4588-49b5-90d4-d7826b5e60fc,2.79,3,512,103,
2024-05-31 19:09:53.427,fc4860a8-7bb2-4052-a306-9bf61607bf1b,2.69,3,512,103,
2024-05-31 19:09:53.380,42012045-4716-47d3-ae96-f6f54070cc83,3.13,4,512,103,
2024-05-31 19:09:53.348,81c8a8c2-411b-4537-8e0e-90a272723710,3.46,4,512,103,
2024-05-31 19:09:53.313,d9fcb00e-3d57-4eb7-aec6-a0f551296069,2.85,3,512,103,
2024-05-31 19:09:53.300,1af956cc-6c4b-450e-9497-0cc37d4c7069,2.92,3,512,103,
2024-05-31 19:09:53.261,40de3d56-a115-49f8-ab1c-3cdaab687550,2.99,3,512,103,
2024-05-31 19:09:53.236,988ec9db-6ba0-4c9a-b949-11ee2f160767,2.68,3,512,103,
2024-05-31 19:09:53.180,98a67ebb-c0e3-4f23-a53f-699235bbc929,3.01,4,512,103,
2024-05-31 19:09:53.163,8ce40fbb-8e80-4e14-999e-f46ca9a89323,19.53,20,512,103,
2024-05-31 19:09:53.084,a32ce048-11b2-4e34-8b36-3152ffa3e0a4,2.70,3,512,103,
2024-05-31 19:09:53.082,bd03620f-bdea-4516-86c9-1d5a3d78654f,3.55,4,512,102,
2024-05-31 19:09:53.027,5708879c-eea0-4a3f-bea2-5811a276c4cc,3.51,4,512,102,
2024-05-31 19:09:53.025,294fec78-6078-4566-b7ed-aa88afec26e4,2.83,3,512,103,
2024-05-31 19:09:52.981,16b1a500-a7b1-49d6-91ad-aeb9cce511ec,2.97,3,512,103,
2024-05-31 19:09:52.927,31bcbf90-2d60-43ec-a999-b7ec17c4a79e,2.73,3,512,103,
2024-05-31 19:09:52.884,80e73f23-72db-4bc3-9669-8a3eb3359336,3.37,4,512,103,
2024-05-31 19:09:52.880,3b77097d-6e06-4e1b-a09b-91801a9e663e,2.89,3,512,102,
2024-05-31 19:09:52.865,76470316-72a1-4930-88a6-5619460d8525,3.16,4,512,102,
2024-05-31 19:09:52.829,f9f15061-c26e-4c3e-b744-6f521e818b68,3.59,4,512,102,
2024-05-31 19:09:52.783,cd16f1a2-723e-4af4-8799-173baaef361d,2.80,3,512,102,
2024-05-31 19:09:52.757,541a4c65-ac52-4a63-a93b-143eed949470,4.30,5,512,102,
2024-05-31 19:09:52.681,217cba44-afe6-4028-a7ac-3dd1e42d322a,2.80,3,512,102,
2024-05-31 19:09:52.680,c671a32e-d495-4278-9ec5-1df86bf520af,3.56,4,512,103,
2024-05-31 19:09:52.647,d9c9860c-9356-4b9d-9b4b-8d531d50a87e,2.83,3,512,103,
2024-05-31 19:09:52.625,364bc8ea-6cf4-4ae3-8727-09b6b2ec3559,2.71,3,512,103,
2024-05-31 19:09:52.614,a87f9f2e-456b-43e6-a133-90405b1cf4d8,2.78,3,512,103,
2024-05-31 19:09:52.550,9096c63c-5284-4e06-8b3b-43f3f05aa967,3.10,4,512,103,
2024-05-31 19:09:52.484,ca479804-6007-4927-b1d1-f8e3e5dae309,3.21,4,512,103,
2024-05-31 19:09:52.480,eaa44c3c-907a-4527-9594-9ae503ff0098,3.14,4,512,102,
2024-05-31 19:09:52.451,182f99db-0112-4646-b9c3-cff270af44c3,3.14,4,512,102,
2024-05-31 19:09:52.428,eff19c93-6586-42d5-84f1-0d6ee0776d8a,3.00,3,512,102,
2024-05-31 19:09:52.381,879474bf-9bda-46c2-b068-a45701e5f88e,3.26,4,512,102,
2024-05-31 19:09:52.350,4b960cc0-e692-419b-814c-0bdf7dcbb677,3.21,4,512,102,
2024-05-31 19:09:52.284,c4d4d6af-f2c4-48a1-ba05-26a732e14cb4,3.35,4,512,103,
2024-05-31 19:09:52.281,71c98f84-fe56-4445-a33f-ec8cc28815f0,3.18,4,512,102,
2024-05-31 19:09:52.232,cd5454e3-789f-4058-a2c2-e2156a18b6bb,2.71,3,512,102,
2024-05-31 19:09:52.225,f39fdadd-938c-4127-9453-4a9dc28409dc,2.80,3,512,102,
2024-05-31 19:09:52.182,ec5b578b-1987-4f80-b8bd-0781c2bdf8b6,3.21,4,512,102,
2024-05-31 19:09:52.139,67b662d0-b8ae-48a8-9e30-6ee0f486eaff,3.09,4,512,102,
2024-05-31 19:09:52.108,d07eced7-4097-4a41-bc46-a20c7faa8fdf,3.75,4,512,102,
2024-05-31 19:09:52.084,2f03c300-dfe7-4456-988e-c514d15160bf,2.89,3,512,102,
2024-05-31 19:09:52.051,3969f3c0-7277-40a6-8582-385b7219f444,3.22,4,512,102,
2024-05-31 19:09:52.030,25617ccb-7cf6-4c05-a93d-b6996b008418,3.18,4,512,102,
2024-05-31 19:09:51.984,bbddf161-e341-447e-bfb7-b5c104044e2f,2.75,3,512,102,
2024-05-31 19:09:51.954,c2045570-de8e-4735-b01b-39b3e2594cb3,3.40,4,512,102,
2024-05-31 19:09:51.888,45ff2fff-f07e-420e-b5d8-12e794c044c4,3.68,4,512,102,
2024-05-31 19:09:51.887,63616ee9-4eb1-4b6a-9241-4f7bc317ef8b,3.25,4,512,103,
2024-05-31 19:09:51.845,3a98fbf4-d476-4eea-9a0d-786e0b4e3256,2.64,3,512,103,
2024-05-31 19:09:51.831,a4284d86-c9e7-4349-be78-eb88fae174fc,2.58,3,512,103,
2024-05-31 19:09:51.803,1651d95d-7c62-44b7-9439-0deacd734cf7,2.75,3,512,103,
2024-05-31 19:09:51.730,787069b0-4683-4d6d-94b2-9aa5316ea10c,2.81,3,512,103,
2024-05-31 19:09:51.702,8d604bc8-cca9-4545-a591-6692f3a04f27,2.70,3,512,103,
2024-05-31 19:09:51.676,7614341a-f967-43e5-99bf-cfc837c3eaa0,3.10,4,512,103,
2024-05-31 19:09:51.650,d2ed07de-a16b-4929-9932-d21fa4a7d0e3,3.33,4,512,103,
2024-05-31 19:09:51.632,56412c88-d380-4d88-abbe-2594324e5232,2.92,3,512,103,
2024-05-31 19:09:51.595,bd455279-6ddf-48de-adaf-25d1056a3b83,3.36,4,512,103,
2024-05-31 19:09:51.527,4b5dc7c7-42d1-4b5f-bd91-3f337a8195f8,2.93,3,512,103,
2024-05-31 19:09:51.503,c70d3b69-a382-4745-91b4-27bca291d892,2.79,3,512,103,
2024-05-31 19:09:51.481,935ccb0c-3a69-4abd-a91a-6f327c628a35,2.76,3,512,103,
2024-05-31 19:09:51.429,77a77dbc-2683-4c77-8782-29c94351ff1c,2.92,3,512,103,
2024-05-31 19:09:51.427,d4a20d08-b381-4c80-8d17-bec7e82fcbce,3.01,4,512,102,
2024-05-31 19:09:51.378,a13cccc5-0487-4bf2-96c3-0e3653d0f310,3.08,4,512,102,
2024-05-31 19:09:51.343,d38cca11-2d8e-4e28-9536-bca9fc9c626c,2.82,3,512,102,
2024-05-31 19:09:51.306,cbfb27a5-9f2d-4c4f-b815-3bb06522c2f5,7.33,8,512,102,
2024-05-31 19:09:51.285,c0b651f6-3ce5-48c5-ae0b-11a013b7adab,2.96,3,512,102,
2024-05-31 19:09:51.232,bbbf088d-c1d6-41b5-bccd-ceeb76595f9a,3.49,4,512,102,
2024-05-31 19:09:51.226,1f182111-a709-4ce3-b166-af8d1a9ff1eb,3.10,4,512,103,
2024-05-31 19:09:51.210,6ff48d49-5cff-47e1-bca6-7ee838a51bec,2.79,3,512,103,
2024-05-31 19:09:51.127,d2df8064-9c33-4724-83e5-32207571dfec,4.24,5,512,103,
2024-05-31 19:09:51.084,71394870-95db-414b-abc1-b3473a5d180a,2.85,3,512,103,
2024-05-31 19:09:51.081,9a186152-4aa3-4405-8061-09c80582df7e,3.23,4,512,102,
2024-05-31 19:09:51.049,dd9260bd-5433-4eda-bd0f-6d1a5876fc5d,3.04,4,512,102,
2024-05-31 19:09:51.028,68a21d53-0292-44a0-91e8-72dc55ea9d0b,3.33,4,512,102,
2024-05-31 19:09:50.980,0bdc441c-af03-4850-9141-5f5065aabc26,3.06,4,512,102,
2024-05-31 19:09:50.938,9e83fc31-7e69-4017-a6e6-ceadcc41c4bb,3.12,4,512,102,
2024-05-31 19:09:50.891,1ff16969-ba48-48a6-922d-0ef3932f6623,2.70,3,512,103,
2024-05-31 19:09:50.890,c61877ad-411a-42a7-a7cf-bee52771442a,3.67,4,512,102,
2024-05-31 19:09:50.847,4915a1b8-3c1b-45c4-b9aa-80c29ae7c6cd,2.95,3,512,102,
2024-05-31 19:09:50.826,c3d44b28-80a5-40ee-942a-a3941a96c7f1,3.44,4,512,102,
2024-05-31 19:09:50.808,61d4016c-19c8-40fc-8747-39a9b458f694,3.05,4,512,102,
2024-05-31 19:09:50.728,a2f18948-c352-4f8d-b649-b6fcdf67bd5f,3.16,4,512,102,
2024-05-31 19:09:50.705,20b260bf-7665-4a9e-bd33-093c727c04fd,3.42,4,512,102,
2024-05-31 19:09:50.681,895ead5a-6371-4ac3-8d25-6a4936fd8518,3.58,4,512,102,
2024-05-31 19:09:50.627,16061851-d70d-4c37-be5f-e34d9bd88f31,2.88,3,512,103,
2024-05-31 19:09:50.627,44e5f5ce-a4b2-4f92-b8b7-4f36076bfb47,2.78,3,512,102,
2024-05-31 19:09:50.592,5be4f192-853d-4c17-b75c-7547069c09de,3.03,4,512,102,
2024-05-31 19:09:50.528,92cd7a76-13b2-4ff2-be11-f31911e40de9,2.89,3,512,102,
2024-05-31 19:09:50.481,3d6c4073-eb54-404f-a009-f6d933679076,3.35,4,512,102,
2024-05-31 19:09:50.480,db9f6f40-e8f8-43fe-bff6-67bce1158cdf,2.88,3,512,103,
2024-05-31 19:09:50.429,5badb2e6-aade-4d1f-a889-6ef83d6b4d05,2.97,3,512,103,
2024-05-31 19:09:50.426,baffc4ca-11d9-4e70-8187-ff466a696980,2.88,3,512,102,
2024-05-31 19:09:50.383,3dbd1dc6-92bd-4af9-998b-ef4e74428ea7,3.65,4,512,102,
2024-05-31 19:09:50.370,67932293-baef-44a2-82ea-08aeb5951891,3.71,4,512,102,
2024-05-31 19:09:50.303,4ccb5077-97a2-4597-b906-e993110b4c2d,5.26,6,512,102,
2024-05-31 19:09:50.290,8a457733-c34b-42dd-a5c4-89b491e90cb0,3.41,4,512,102,
2024-05-31 19:09:50.237,11ab2b6f-a712-4932-b5ef-0b79fe266c9f,3.11,4,512,102,
2024-05-31 19:09:50.236,518f7705-a1a3-42ca-9a39-fb474e2d3aca,3.27,4,512,103,
2024-05-31 19:09:50.186,4d18ac6a-575b-4268-bdf1-eadc105fc332,3.38,4,512,103,
2024-05-31 19:09:50.155,8cbc7bc0-4d25-4dcf-bfa7-541761785e21,2.73,3,512,103,
2024-05-31 19:09:50.089,94fc6584-d0d9-4672-8efd-682c3423b68f,2.69,3,512,103,
2024-05-31 19:09:50.086,49e74229-7885-4714-bd8f-17a3c78431c8,3.32,4,512,102,
2024-05-31 19:09:50.048,02a80682-0b3f-4f33-a37c-2c3e4523968f,3.42,4,512,102,
2024-05-31 19:09:50.029,bb57b1d2-ba2c-4ae8-9d77-8967a752d5ff,2.96,3,512,102,
2024-05-31 19:09:50.010,a3cfe935-9287-4180-89af-9fa8959a6b98,3.30,4,512,102,
2024-05-31 19:09:49.936,d619f22d-e49f-49ae-b740-881aef45cb87,3.29,4,512,102,
2024-05-31 19:09:49.884,c342b512-75b0-420d-970a-081046530fdb,3.59,4,512,102,
2024-05-31 19:09:49.879,2a8714f4-c16a-4850-b818-4e6cebae039f,3.01,4,512,103,
2024-05-31 19:09:49.843,cb49b1a7-4704-42e5-bcbc-50c87b8d1977,2.75,3,512,103,
2024-05-31 19:09:49.830,0eb9e480-cc74-4708-833c-fb1829166ed1,3.53,4,512,103,
2024-05-31 19:09:49.784,f9cab70f-b2f0-4193-a0d1-86c3f6595add,3.02,4,512,103,
2024-05-31 19:09:49.730,741ec7e4-88a4-4334-8d35-3f78446c9f94,2.61,3,512,103,
2024-05-31 19:09:49.703,89dd8975-807c-4edb-9de6-faec7959ec15,2.73,3,512,103,
2024-05-31 19:09:49.680,1a5ccb62-2b26-465a-abc7-449dac40a758,3.00,4,512,103,
2024-05-31 19:09:49.637,be915573-4d38-45b4-9a1b-a1822a2098b9,2.92,3,512,103,
2024-05-31 19:09:49.630,a373a5c8-57b3-40ac-b2c6-70c7c0bb86b2,4.63,5,512,102,
2024-05-31 19:09:49.594,ae452295-4156-4f0a-85ea-62e1baa9d583,2.90,3,512,102,
2024-05-31 19:09:49.529,a0edf8c0-4509-48fb-891d-91835fe8ca1b,3.06,4,512,102,
2024-05-31 19:09:49.484,89f1c531-07cc-4ea0-9e64-a9eeb406c82f,3.10,4,512,102,
2024-05-31 19:09:49.482,34ede092-eb94-4bf2-989d-1e5ea84bacc2,3.49,4,512,103,
2024-05-31 19:09:49.447,bdcf958c-3b74-4d61-8ef6-6e834573c90d,2.74,3,512,103,
2024-05-31 19:09:49.445,3e4430e9-a8db-4f0c-85ce-479d6fc38c57,3.04,4,512,102,
2024-05-31 19:09:49.387,d0b4e9af-4e93-4b5a-aa14-a873433a3275,3.15,4,512,102,
2024-05-31 19:09:49.346,e41befa9-7fd8-4e51-97fc-b1798ebc5fd3,3.83,4,512,102,
2024-05-31 19:09:49.278,278f6c2a-cd70-49f6-b82e-aa7c72af0219,3.33,4,512,102,
2024-05-31 19:09:49.276,57b588c2-00c9-45ff-9463-5b1888c6bf30,2.90,3,512,103,
2024-05-31 19:09:49.229,e011d5d9-75cd-4105-b919-f3e742488c38,2.87,3,512,103,
2024-05-31 19:09:49.228,68363a66-2444-404f-9001-4a02964b8cfe,3.48,4,512,102,
2024-05-31 19:09:49.180,63da46cb-c990-4906-9758-5feea5f5a926,4.18,5,512,102,
2024-05-31 19:09:49.130,c7edb370-b2b5-4e35-80b8-f421911f5ba3,3.61,4,512,102,
2024-05-31 19:09:49.114,e4a7fa44-810d-45d8-95d4-05d0333a86a0,3.18,4,512,102,
2024-05-31 19:09:49.102,516f92e6-4d5e-4f3a-af40-2a779c378ab7,3.25,4,512,102,
2024-05-31 19:09:49.055,16c63f2d-2ce1-48ab-b82d-f0414c4bcd9e,3.25,4,512,102,
2024-05-31 19:09:49.032,6c50a96a-33cd-4e39-96ec-a0c31382e61d,3.29,4,512,102,
2024-05-31 19:09:48.977,7b082652-fd37-4871-985b-fbcf95ef8c91,2.87,3,512,102,
2024-05-31 19:09:48.933,865991cc-54ac-423c-9535-693668117226,3.04,4,512,102,
2024-05-31 19:09:48.882,50042ce3-8acb-47ce-848d-b5756594f7cb,2.60,3,512,102,
2024-05-31 19:09:48.880,f0376443-fe8e-44f5-899e-deaa10f36d30,3.08,4,512,103,
2024-05-31 19:09:48.840,6bd1fba9-d6ee-46e5-b346-f0ad15903476,8.11,9,512,103,
2024-05-31 19:09:48.840,4a3deffc-8f17-4b9e-a932-7e6eb295dd1c,3.85,4,512,102,
2024-05-31 19:09:48.822,b558bee8-04b6-49b3-8875-cfefa49d1a25,3.31,4,512,103,
2024-05-31 19:09:48.744,083dbae6-3036-4194-b80a-9c5834f1c2a5,3.27,4,512,103,
2024-05-31 19:09:48.687,c46d37ea-c7db-4ba5-a716-f5d0df23577b,2.84,3,512,103,
2024-05-31 19:09:48.682,e8999e75-e2df-4f98-9fd6-87cf66e3fe99,3.32,4,512,102,
2024-05-31 19:09:48.631,144f3908-8b76-45cd-8445-145e4bc829ec,3.08,4,512,102,
2024-05-31 19:09:48.625,367de6bd-f3b8-45f1-b94a-71cb333f39ca,2.90,3,512,103,
2024-05-31 19:09:48.598,f55e2757-4847-46b3-8dd3-29de968bd5ca,3.32,4,512,103,
2024-05-31 19:09:48.544,9d5e8786-fa44-4cdb-942b-345e2f6e87c1,2.73,3,512,103,
2024-05-31 19:09:48.500,3cdbdb35-10a4-45e4-9fbe-989b9750e38a,3.17,4,512,103,
2024-05-31 19:09:48.444,5bf82a5d-d1a9-4dfb-94d6-948d994ecf46,2.93,3,512,103,
2024-05-31 19:09:48.041,3d5abcb2-924c-4c09-8991-01d530583207,3.09,4,512,103,
2024-05-31 19:09:47.999,f85c0127-2c35-4e7d-a964-f33521a096de,2.90,3,512,103,
2024-05-31 19:09:47.939,93e6b5e3-5f82-4f4b-bf02-5b4146ced47b,3.08,4,512,103,
2024-05-31 19:09:47.744,765f7bd5-1bdc-4bcb-a4ba-aa90663c30f0,4.04,5,512,103,
2024-05-31 19:09:47.722,c3b58ea4-d83d-41f7-be32-72f00a58d8d2,3.10,4,512,102,
2024-05-31 19:09:47.645,8b792b14-d196-4f4f-8bd6-3a397846ddb5,3.23,4,512,102,
2024-05-31 19:09:47.607,685e1577-e529-4e7a-b9d4-1a55400bb472,3.29,4,512,102,
2024-05-31 19:09:47.549,963988ca-1864-4e36-a8c7-4debd028957e,2.94,3,512,102,
2024-05-31 19:09:47.506,5a87f0d1-dbb5-4e31-a7e7-76a6241c1121,3.18,4,512,102,
2024-05-31 19:09:47.505,03740549-582f-4282-a6fb-7eb26d5067e5,3.11,4,512,102,
2024-05-31 19:09:47.045,a856c30c-d2f9-47f2-b3d7-ec5bcb04da4c,3.26,4,512,102,
2024-05-31 19:09:47.004,3acbea43-ed81-44f7-94eb-b454368ae734,3.17,4,512,102,
2024-05-31 19:09:46.944,49f99424-9a68-4ba1-9693-c7c4074ee3a8,3.26,4,512,102,
2024-05-31 19:09:46.745,c42fad65-a618-4920-b24e-57b9ffc0df34,3.02,4,512,102,
2024-05-31 19:09:46.720,fbbc046e-1dc2-4af7-942d-84f0325954ab,3.30,4,512,102,
2024-05-31 19:09:46.642,d438c6d1-3ca3-4be8-95d5-5eb007ea1bff,3.23,4,512,102,
2024-05-31 19:09:46.634,3c8a77b0-eeb9-4674-9e7d-2ab128568d7b,3.06,4,512,102,
2024-05-31 19:09:46.541,49a9d7c6-5a00-4520-9112-7a576ec3217c,3.08,4,512,102,
2024-05-31 19:09:46.500,42a968b9-d3c9-4a0c-bf60-1853336c67c3,3.21,4,512,102,
2024-05-31 19:09:46.461,d3726acc-2ec2-4545-a7f7-868b095dd324,3.07,4,512,102,
2024-05-31 19:09:46.046,5036b258-dbb5-4aa0-a3ef-0ecacc478c1c,3.09,4,512,102,
2024-05-31 19:09:46.004,216d99b7-e28a-4b46-a234-a390a92e1f3e,4.10,5,512,102,
2024-05-31 19:09:45.936,3991252c-60f8-4446-858c-512acc238e16,3.44,4,512,102,
2024-05-31 19:09:45.748,75d609b7-1521-4d4e-b90a-b20a18112020,3.19,4,512,102,
2024-05-31 19:09:45.711,5fce4685-26e0-44f6-9638-f1e88320682f,3.29,4,512,102,
2024-05-31 19:09:45.629,edd829d9-f569-479c-8ba9-4aaf4b958f8e,3.68,4,512,102,
2024-05-31 19:09:45.623,9f020b37-72eb-47d7-b371-c7dfee92be11,3.39,4,512,102,
2024-05-31 19:09:45.542,c00465b0-1d6f-4e79-9848-c3259b3cec39,3.54,4,512,102,
2024-05-31 19:09:45.488,ec47a492-2a5b-44de-b434-49a5afbaf242,3.35,4,512,102,
2024-05-31 19:09:45.442,b63e605c-0557-486d-8c29-75e6282f741a,2.88,3,512,102,
2024-05-31 19:09:45.040,7549c71b-55de-4e6c-a2dc-973986367d6c,3.42,4,512,102,
2024-05-31 19:09:44.996,e75f15b4-d8c3-463e-be1a-b8cf7e592ac1,3.35,4,512,102,
2024-05-31 19:09:44.938,f95a9813-daf3-4c68-9c4b-bb35318b4f01,3.23,4,512,102,
2024-05-31 19:09:44.801,859ff2b4-9662-460c-bc6b-c192bea72798,3.67,4,512,102,
2024-05-31 19:09:44.691,2c788b16-ca5a-4336-a0b6-67d1bac42355,3.19,4,512,102,
2024-05-31 19:09:44.647,cf7ff9c1-9e0c-473d-a96e-0022535baf86,3.47,4,512,102,
2024-05-31 19:09:44.612,ca9e3902-6022-49af-837b-8911ce5e8dfd,3.18,4,512,102,
2024-05-31 19:09:44.530,48e65584-05f3-477e-b675-762bdf49d499,3.53,4,512,102,
2024-05-31 19:09:44.493,1265a596-3c31-4b4e-af2d-44a8f9d138be,3.11,4,512,102,
2024-05-31 19:09:44.441,4f3877d3-9b91-4b43-9b4c-0498e189ab8c,2.79,3,512,102,
2024-05-31 19:09:44.035,2727abd4-659f-4f69-a3e3-6a138f23a091,3.00,4,512,102,
2024-05-31 19:09:43.975,73a44017-ad36-4db0-a151-7e38935181be,2.98,3,512,102,
2024-05-31 19:09:43.929,fc560ffe-4115-4113-a898-38a27953bad6,5.26,6,512,102,
2024-05-31 19:09:43.767,96e1b5e8-f7b0-4f9c-a839-1405447f0d91,3.43,4,512,102,
2024-05-31 19:09:43.711,4f6558fe-13d4-4931-a83e-8a8962598df1,2.81,3,512,102,
2024-05-31 19:09:43.628,d3492f52-60b3-4f07-97e7-865b7374371b,4.10,5,512,102,
2024-05-31 19:09:43.593,cb10f242-9d2e-42d3-b70d-a16a9f4733df,3.42,4,512,102,
2024-05-31 19:09:43.555,425eba0a-8525-4ed1-8829-30537dc023b0,3.09,4,512,102,
2024-05-31 19:09:43.487,2ed9ea91-f045-40f8-af39-08ed766ed0d6,3.08,4,512,102,
2024-05-31 19:09:43.434,9c528e64-fba1-4e29-8f48-ce595cc49274,3.29,4,512,102,
2024-05-31 19:09:43.043,ea6e5a1b-6343-4050-99d8-271b1fad8e05,3.36,4,512,102,
2024-05-31 19:09:42.990,ce361070-1164-4db9-a08e-632d5b823a11,3.61,4,512,102,
2024-05-31 19:09:42.966,22bafa60-cdd7-4b16-af5e-705abb092e10,3.26,4,512,102,
2024-05-31 19:09:42.747,85944a62-a607-4c11-a564-4f43d7558540,3.15,4,512,102,
2024-05-31 19:09:42.694,d4051cbd-5560-404c-ae8a-35b60ba4f6fd,3.22,4,512,102,
2024-05-31 19:09:42.643,dbc77aa0-aec1-42e9-bc31-ec2c8b40dd96,3.36,4,512,102,
2024-05-31 19:09:42.613,2b1c9d75-8584-4d9f-a817-e1a0e4e6184e,5.22,6,512,102,
2024-05-31 19:09:42.562,fa9844fa-fba6-4466-8156-7f3b91cf71db,3.17,4,512,102,
2024-05-31 19:09:42.495,9b1af4be-4c58-47b4-9099-07f2db1a41aa,3.35,4,512,102,
2024-05-31 19:09:42.460,938b3d10-2352-46ae-908d-9d5b7979ea31,2.92,3,512,102,
2024-05-31 19:09:42.037,f9d24e94-6ef2-4df1-8c50-a5b1718a06fb,3.25,4,512,102,
2024-05-31 19:09:41.976,6a126776-ac96-4454-960b-f7676f945529,2.98,3,512,102,
2024-05-31 19:09:41.935,c5a7cb94-6f85-450c-8082-423b4d0cb1a4,3.60,4,512,102,
2024-05-31 19:09:41.737,0e506f17-e06a-4ad9-bceb-51789af44a9c,2.98,3,512,102,
2024-05-31 19:09:41.696,b3575085-7896-42b7-bf0e-10ba0af9762f,3.40,4,512,102,
2024-05-31 19:09:41.658,286754c1-d4af-44e0-ba9e-3ad9c2098496,3.16,4,512,102,
2024-05-31 19:09:41.604,9f1fc0d8-9664-4404-87f5-5e642e387577,3.43,4,512,102,
2024-05-31 19:09:41.532,a4df4f5d-9121-4613-a962-c7fe8fac06c1,3.39,4,512,102,
2024-05-31 19:09:41.481,24ba9364-8640-4f41-b188-1da399c4db40,3.47,4,512,102,
2024-05-31 19:09:41.440,a7d479ac-33c3-4f84-9208-d71988a152e7,2.97,3,512,102,
2024-05-31 19:09:41.040,c3a5697f-3fed-4ed1-9b86-8e660b089f20,3.05,4,512,102,
2024-05-31 19:09:40.997,f75f725a-ef08-409c-908d-d2458e591186,3.21,4,512,102,
2024-05-31 19:09:40.938,6d677bef-b9ed-4033-b3f7-4d9bf9e62649,3.56,4,512,102,
2024-05-31 19:09:40.742,48d6d8a9-0877-4fc3-b570-22db0593282d,3.24,4,512,102,
2024-05-31 19:09:40.703,e53d5274-eb2e-48d3-9f2c-61b50e11e7d9,3.38,4,512,102,
2024-05-31 19:09:40.646,945dccd6-9836-4f51-b459-913b6f491b6f,3.32,4,512,102,
2024-05-31 19:09:40.609,805f1803-844c-43cb-a124-0ff4c5b3d087,3.17,4,512,102,
2024-05-31 19:09:40.533,070ae3d1-5c56-4c66-b0dd-c5ae2ed608ba,3.10,4,512,102,
2024-05-31 19:09:40.487,e120d6b7-a728-483a-8979-3d9aef2ce311,2.99,3,512,102,
2024-05-31 19:09:40.444,6d78db92-7eb9-47b7-b6f4-a3dc14111ac0,3.66,4,512,102,
2024-05-31 19:09:40.043,c31e43d6-528d-40dd-b186-8a40f8d15320,4.98,5,512,102,
2024-05-31 19:09:39.994,7a609d4f-44fb-4fc7-8d36-8c93d7393fa0,3.83,4,512,102,
2024-05-31 19:09:39.936,a77100c4-d866-4880-b2e3-4880c27a106b,3.10,4,512,102,
2024-05-31 19:09:39.746,63589f91-7f12-4307-863b-30e7dfc10c59,3.30,4,512,102,
2024-05-31 19:09:39.695,4a7fbce7-de6a-4808-96bd-8eb1d67f9028,5.76,6,512,102,
2024-05-31 19:09:39.645,d8986761-a363-4491-a30c-11398ecba7d1,3.06,4,512,102,
2024-05-31 19:09:39.604,c1fe68fd-08d1-42c0-8055-a040f13f5315,3.61,4,512,102,
2024-05-31 19:09:39.543,891816a7-27e0-4fc6-8042-b4169bafb85f,3.16,4,512,102,
2024-05-31 19:09:39.488,f6ec87e6-f5d3-46a0-8c8c-1cce27708131,3.30,4,512,102,
2024-05-31 19:09:39.440,f70e6691-b8ff-47ca-b733-6a2b23f050e4,3.25,4,512,102,
2024-05-31 19:09:39.039,0f0bca84-7e45-41e6-91d2-9dc527103e10,2.95,3,512,102,
2024-05-31 19:09:38.990,ec95d2ff-c996-4d4c-8e8c-06e0d9fc5c13,3.99,4,512,102,
2024-05-31 19:09:38.948,ea370b9e-a7d3-4a8e-9fb1-51b2b27cb18e,3.45,4,512,102,
2024-05-31 19:09:38.759,df7e4f9e-8e3c-4708-8d16-fd9d165d697e,2.87,3,512,102,
2024-05-31 19:09:38.685,d80a0962-c33b-45e0-abda-0e692757fa97,2.90,3,512,102,
2024-05-31 19:09:38.636,f5f67aa9-5f29-4fd7-b09a-f72fab08d123,3.03,4,512,102,
2024-05-31 19:09:38.586,03369fa3-92c4-4786-83d8-eaafc25b9106,2.95,3,512,102,
2024-05-31 19:09:38.538,0eb708fe-cfb0-4986-aabe-fcad98840fac,3.93,4,512,102,
2024-05-31 19:09:38.485,5c805c97-1059-4fec-a17b-e079d56dbb20,3.29,4,512,102,
2024-05-31 19:09:38.452,e350c42c-5664-466f-866a-1f238d87d603,3.00,3,512,102,
2024-05-31 19:09:38.036,a11d4bcc-4f00-45d2-906f-999553935a22,2.82,3,512,102,
2024-05-31 19:09:37.989,8cebf69f-9dd1-4070-b36b-aa6519157537,3.34,4,512,102,
2024-05-31 19:09:37.943,696862ed-2d2e-4ca1-b011-88d0459c84c3,3.79,4,512,102,
2024-05-31 19:09:37.766,863bfd59-fe7b-4c41-90af-ca59e9ab6336,4.13,5,512,102,
2024-05-31 19:09:37.685,2ee35064-9d25-44c2-a22f-664768861844,3.51,4,512,102,
2024-05-31 19:09:37.632,aef8d092-d00b-45b9-9051-17867f1a91bc,3.55,4,512,102,
2024-05-31 19:09:37.577,15e17d38-7d86-4d5b-8eee-e359af7b6e4e,3.20,4,512,102,
2024-05-31 19:09:37.523,b98dd5a7-fb41-4496-be47-5ea95cd3d194,3.17,4,512,102,
2024-05-31 19:09:37.505,d322df35-0bb3-4a70-a6e7-46b08462882d,3.62,4,512,102,
2024-05-31 19:09:37.441,36fc7e16-1f28-4381-bbdc-687ea2433d10,4.71,5,512,102,
2024-05-31 19:09:37.022,facf35fc-fbdd-4ecb-b647-c87fec15914e,2.89,3,512,102,
2024-05-31 19:09:36.979,ae597fc5-4f46-43b5-9f98-16b870e4d593,3.25,4,512,102,
2024-05-31 19:09:36.925,acb84e0a-9211-4e44-80fd-aa1c347dc887,3.30,4,512,102,
2024-05-31 19:09:36.744,a1b9d005-2f48-47a6-80e6-83ebae29893f,3.55,4,512,102,
2024-05-31 19:09:36.687,361f1144-c5a1-4c0b-8a29-c6e037d40ecb,2.90,3,512,102,
2024-05-31 19:09:36.633,8f056cac-e3f3-487a-bc83-7093c9c80c01,3.32,4,512,102,
2024-05-31 19:09:36.582,489013e7-5e92-401a-afc7-4aa310ab478d,3.48,4,512,102,
2024-05-31 19:09:36.537,8cfcc5aa-8c6e-490f-8028-b9e186645fed,3.45,4,512,102,
2024-05-31 19:09:36.471,67f18e34-d2eb-4089-9ad9-088fa87c80f1,3.60,4,512,102,
2024-05-31 19:09:36.436,6c891f76-8be6-48ef-8b4c-a5a2e9a0046d,2.97,3,512,102,
2024-05-31 19:09:36.033,effc0c3a-6a27-4c81-92a2-774c3c5e1689,3.94,4,512,102,
2024-05-31 19:09:35.978,1381e3ff-8247-4a3a-97c9-b49dd7557466,3.12,4,512,102,
2024-05-31 19:09:35.942,bc4016fc-d84c-402d-a462-8692b3f61c1b,9.18,10,512,102,
2024-05-31 19:09:35.727,0c497f5c-d81d-424f-8cd2-b8190cce68ae,3.22,4,512,102,
2024-05-31 19:09:35.687,3900d071-732f-47ee-afe6-74fcd84e4823,6.24,7,512,102,
2024-05-31 19:09:35.643,98d523dd-c6df-4285-8a92-b49593ad2d6a,3.44,4,512,102,
2024-05-31 19:09:35.604,cf1f957b-91ea-48cb-844f-8c633b725d32,3.87,4,512,102,
2024-05-31 19:09:35.527,412b2a15-3277-4504-9a08-ae2a60256439,3.04,4,512,102,
2024-05-31 19:09:35.483,8bbb63a9-6c0d-48d9-9f8c-d5328b0d50b3,3.47,4,512,102,
2024-05-31 19:09:35.431,5ccc8314-70ac-4e56-85fd-19a1f39bbda0,3.60,4,512,102,
2024-05-31 19:09:35.035,88b248e0-8531-4635-a42b-0ce02f9c54ea,3.21,4,512,102,
2024-05-31 19:09:35.008,7cf79c0c-a41d-4ccd-8e37-86f811d6267e,3.02,4,512,102,
2024-05-31 19:09:34.936,be18eed4-c0a5-4528-87e9-4b410843118e,4.38,5,512,102,
2024-05-31 19:09:34.744,1fcecc10-8602-468c-a903-acccd7490308,11.81,12,512,102,
2024-05-31 19:09:34.685,205998ee-8bc5-433b-9ffe-80a6b16c3c8c,3.51,4,512,102,
2024-05-31 19:09:34.636,f7dbf888-86cb-4457-a3fc-12f1a884c8d0,4.44,5,512,102,
2024-05-31 19:09:34.582,9352a9a2-cd3d-4c36-bc9a-5b2240382288,3.38,4,512,102,
2024-05-31 19:09:34.531,f0c5ad2b-52dd-4b3f-9573-d25eea1651d4,2.85,3,512,102,
2024-05-31 19:09:34.507,c04ac439-2287-41fa-906b-8a4f69014609,4.02,5,512,102,
2024-05-31 19:09:34.439,8c39d57f-fe92-44a5-972e-ec5c368ef46d,3.11,4,512,102,
2024-05-31 19:09:34.059,d4abe8d5-47e6-4532-9142-b7ad8f6eb9b0,3.01,4,512,102,
2024-05-31 19:09:34.000,708b5c26-6268-412d-9038-fb29712cb89f,3.19,4,512,102,
2024-05-31 19:09:33.956,107ea060-247b-4f43-b57f-62e08fdb85b9,3.58,4,512,102,
2024-05-31 19:09:33.746,aabafcdd-ea89-430f-bb98-59bd7e391abe,2.98,3,512,102,
2024-05-31 19:09:33.686,0007cad3-5665-42ab-aa03-4f89dc7f3c37,4.33,5,512,102,
2024-05-31 19:09:33.625,60c68a6e-d9d8-4d96-91c5-c8c4b266ddf9,2.98,3,512,101,
2024-05-31 19:09:33.578,e742c29b-df7a-475d-ba82-9a75207b2fc3,3.53,4,512,101,
2024-05-31 19:09:33.537,a9a947b2-322b-4682-941a-752ce64f965a,3.43,4,512,101,
2024-05-31 19:09:33.491,164f6bb5-b4b6-4006-a516-9f468ca13ca7,3.49,4,512,101,
2024-05-31 19:09:33.435,c680f17e-9443-4f13-b4ee-877fa51b7d25,4.45,5,512,101,
2024-05-31 19:09:33.043,2db1bb55-a23f-4188-8bc2-1e8f31807ec6,3.51,4,512,101,
2024-05-31 19:09:32.999,6358009e-71d5-455d-be1b-5c71ac6853a0,3.24,4,512,101,
2024-05-31 19:09:32.963,ab8a3ddf-335a-4ec6-a955-e89d5980ed76,3.53,4,512,101,
2024-05-31 19:09:32.751,dcd5dccf-3ecc-4c98-995d-d2d7e466cb01,3.59,4,512,101,
2024-05-31 19:09:32.686,795f5828-c9e7-43ce-9197-7df8a63dce55,4.84,5,512,101,
2024-05-31 19:09:32.632,20913ac7-2c13-4ce9-9d03-a209242f9d50,3.63,4,512,101,
2024-05-31 19:09:32.582,d71a498a-a3c7-4bc5-a3bf-0a946994df4b,3.62,4,512,101,
2024-05-31 19:09:32.538,42e88940-8c56-42ea-85c8-70eed21b8cdc,3.26,4,512,101,
2024-05-31 19:09:32.488,9b36cedd-2459-4a64-b703-02bc76e36c90,3.46,4,512,101,
2024-05-31 19:09:32.434,9f1ca8a0-5a24-4748-b0b5-5bb425a79bce,3.91,4,512,100,
2024-05-31 19:09:32.384,dc1012ed-c679-46e1-bcaa-2245bcb65ee1,64.81,65,512,100,1420.83
2024-05-31 19:09:32.223,eb7f9027-c625-475c-890c-812b075b451c,71.04,72,512,101,1304.34
2024-05-31 19:09:32.172,202b11f8-7ab5-45e2-be5c-03d21f106585,52.62,53,512,100,1328.87
2024-05-31 19:09:32.088,978f132f-1d57-44fa-a101-c1e6302703cf,60.60,61,512,100,1319.89
2024-05-31 19:09:32.080,e88c028d-9206-473a-abab-c35f9feb9000,52.88,53,512,100,1298.92
2024-05-31 19:09:32.036,228c130e-b8e8-4a88-ad3a-d60f4f3799c8,2.98,3,512,101,
2024-05-31 19:09:31.990,4df8f274-247a-4f5a-89f5-464542e699e4,3.22,4,512,101,
2024-05-31 19:09:31.939,4acdbc8c-e153-4f25-9b79-29caeae2eb04,3.23,4,512,101,
2024-05-31 19:09:31.738,3eaf77f0-d89c-44f1-ac22-f10e40b96ca7,3.71,4,512,101,
2024-05-31 19:09:31.735,2ec9430a-eb6c-4566-ba0b-2a1f6eb8d528,55.74,56,512,100,1366.14
2024-05-31 19:09:31.689,bc5974e9-4b60-49a0-aef7-9875865edac1,3.71,4,512,101,
2024-05-31 19:09:31.642,0ecd59bb-e39e-44c3-83ca-ba18660d8d13,3.69,4,512,100,
2024-05-31 19:09:31.629,c3acb874-9bf9-4a83-873d-c18aba9661b0,69.49,70,512,100,1370.03
2024-05-31 19:09:31.603,bd22c423-a904-4b6c-81ca-e8905baa7e00,64.65,65,512,100,1357.68
2024-05-31 19:09:31.591,725ade28-2e4c-42ec-ac9a-67132684f380,3.34,4,512,101,
2024-05-31 19:09:31.542,bb880f83-8032-498f-a4e0-f9487dc2f148,3.61,4,512,101,
2024-05-31 19:09:31.481,c63b959e-0923-4000-a6ec-9ce758e9ea12,4.73,5,512,101,
2024-05-31 19:09:31.443,3926fa3f-1132-49e5-934c-026248f17cab,4.18,5,512,101,
2024-05-31 19:09:31.393,cef4643b-668f-480c-aed9-41b10ac42ff7,52.93,53,512,101,1333.93
2024-05-31 19:09:31.321,624a2255-fe7c-476f-8603-d138667e6293,61.80,62,512,101,1311.69
2024-05-31 19:09:31.299,07cbe52d-750b-4a81-85f0-73590af66700,67.36,68,512,100,1376.73
2024-05-31 19:09:31.262,8dcb1f83-0760-450d-a746-8a3225cd2cdc,60.91,61,512,100,1365.04
2024-05-31 19:09:31.187,84cbb322-76eb-4e8e-90f4-782582ec169b,65.39,66,512,100,1287.21
2024-05-31 19:09:31.155,368e4016-b826-4de1-ae95-68da19faad56,59.28,60,512,100,1169.80
2024-05-31 19:09:31.034,1676f725-b00b-4b85-9e5f-96480fafbb46,2.71,3,512,101,
2024-05-31 19:09:31.009,a4ec1f79-7005-4a6b-8fa2-78e06b628a0a,4.95,5,512,100,
2024-05-31 19:09:30.993,2db0a1da-392e-4e4a-bf75-a6b702000793,55.05,56,512,100,1073.06
2024-05-31 19:09:30.931,a2de2cd0-9138-4b58-9194-5fd439640fcf,3.72,4,512,101,
2024-05-31 19:09:30.832,f5e1bf4e-5d84-4600-979c-862b7001c099,65.49,66,512,100,1311.81
2024-05-31 19:09:30.823,a83afad0-f510-4216-8c0e-0f4ad59a3cc1,63.91,64,512,100,1308.79
2024-05-31 19:09:30.797,6daf185c-ebf9-4aa9-8630-a29da2cb2a38,15.45,16,512,101,
2024-05-31 19:09:30.778,d3e31287-6a2a-48e9-bfd7-3f42198720d3,13.79,14,512,101,
2024-05-31 19:09:30.761,ff7dbca0-b870-419d-8af2-63905c3d0bee,56.22,57,512,100,1229.29
